jobID,  modelID,  status,  completionReason,  startTime,  endTime,  runtime(s),  expDesc,  numRecords,  modelParams|sensorParams|encoders|timestamp_weekend:radius,  modelParams|sensorParams|encoders|timestamp_timeOfDay:radius,  modelParams|clParams|alpha,  modelParams|tpParams|minThreshold,  modelParams|tpParams|activationThreshold,  modelParams|tpParams|pamLength,  modelParams|sensorParams|encoders|timestamp_dayOfWeek:radius,  modelParams|sensorParams|encoders|kw_energy_consumption:n,  modelParams|sensorParams|encoders|_classifierInput|n,  modelParams|spParams|synPermInactiveDec,  multiStepBestPredictions:multiStep:errorMetric='aae':steps=[10]:window=1000:field=kw_energy_consumption,  multiStepBestPredictions:multiStep:errorMetric='altMAPE':steps=[10]:window=1000:field=kw_energy_consumption, 
1001,  1178,  completed,  eof,  2016-02-17 08:03:15,  2016-02-17 08:04:04,  49,  modelParams|clParams|alpha_0.05005.modelParams|tpParams|minThreshold_11.modelParams|tpParams|activationThreshold_14.modelParams|tpParams|pamLength_3.modelParams|sensorParams|encoders|kw_energy_consumption:n_272.modelParams|sensorParams|encoders|_classifierInput|n_275.modelParams|spParams|synPermInactiveDec_0.05015,  4391,  None,  None,  0.05005,  11,  14,  3,  None,  272,  275,  0.05015,  19.7776899678,  56.6644031718, 
1001,  1197,  completed,  eof,  2016-02-17 08:03:15,  2016-02-17 08:04:11,  56,  modelParams|clParams|alpha_0.05005.modelParams|tpParams|minThreshold_11.modelParams|tpParams|activationThreshold_14.modelParams|tpParams|pamLength_3.modelParams|sensorParams|encoders|timestamp_dayOfWeek:radius_3.5.modelParams|sensorParams|encoders|_classifierInput|n_275.modelParams|spParams|synPermInactiveDec_0.05015,  4391,  None,  None,  0.05005,  11,  14,  3,  3.5,  None,  275,  0.05015,  19.917611324,  57.0652872057, 
1001,  1220,  completed,  eof,  2016-02-17 08:03:15,  2016-02-17 08:03:47,  32,  modelParams|sensorParams|encoders|timestamp_timeOfDay:radius_6.25.modelParams|clParams|alpha_0.05005.modelParams|tpParams|minThreshold_11.modelParams|tpParams|activationThreshold_14.modelParams|tpParams|pamLength_3.modelParams|sensorParams|encoders|_classifierInput|n_275.modelParams|spParams|synPermInactiveDec_0.05015,  4391,  None,  6.25,  0.05005,  11,  14,  3,  None,  None,  275,  0.05015,  8.51073568905,  24.3838263799, 
1001,  1251,  completed,  eof,  2016-02-17 08:03:15,  2016-02-17 08:03:48,  33,  modelParams|sensorParams|encoders|timestamp_weekend:radius_1.modelParams|clParams|alpha_0.05005.modelParams|tpParams|minThreshold_11.modelParams|tpParams|activationThreshold_14.modelParams|tpParams|pamLength_3.modelParams|sensorParams|encoders|_classifierInput|n_275.modelParams|spParams|synPermInactiveDec_0.05015,  4391,  1,  None,  0.05005,  11,  14,  3,  None,  None,  275,  0.05015,  20.9353658119,  59.9812218131, 
1001,  1272,  completed,  eof,  2016-02-17 08:03:15,  2016-02-17 08:03:48,  33,  modelParams|clParams|alpha_0.0001.modelParams|tpParams|minThreshold_9.modelParams|tpParams|activationThreshold_12.modelParams|tpParams|pamLength_1.modelParams|sensorParams|encoders|kw_energy_consumption:n_22.modelParams|sensorParams|encoders|_classifierInput|n_28.modelParams|spParams|synPermInactiveDec_0.1,  4391,  None,  None,  0.0001,  9,  12,  1,  None,  22,  28,  0.1,  17.5003347901,  50.1396284297, 
1001,  1283,  completed,  eof,  2016-02-17 08:03:15,  2016-02-17 08:03:56,  41,  modelParams|clParams|alpha_0.0001.modelParams|tpParams|minThreshold_9.modelParams|tpParams|activationThreshold_12.modelParams|tpParams|pamLength_1.modelParams|sensorParams|encoders|timestamp_dayOfWeek:radius_1.0.modelParams|sensorParams|encoders|_classifierInput|n_28.modelParams|spParams|synPermInactiveDec_0.1,  4391,  None,  None,  0.0001,  9,  12,  1,  1.0,  None,  28,  0.1,  14.8948506754,  42.6747423599, 
1001,  1284,  completed,  eof,  2016-02-17 08:03:47,  2016-02-17 08:04:21,  34,  modelParams|sensorParams|encoders|timestamp_timeOfDay:radius_0.5.modelParams|clParams|alpha_0.0001.modelParams|tpParams|minThreshold_9.modelParams|tpParams|activationThreshold_12.modelParams|tpParams|pamLength_1.modelParams|sensorParams|encoders|_classifierInput|n_28.modelParams|spParams|synPermInactiveDec_0.1,  4391,  None,  0.5,  0.0001,  9,  12,  1,  None,  None,  28,  0.1,  10.7921754345,  30.9203036813, 
1001,  1285,  completed,  eof,  2016-02-17 08:03:48,  2016-02-17 08:04:15,  27,  modelParams|sensorParams|encoders|timestamp_weekend:radius_1.modelParams|clParams|alpha_0.0001.modelParams|tpParams|minThreshold_9.modelParams|tpParams|activationThreshold_12.modelParams|tpParams|pamLength_1.modelParams|sensorParams|encoders|_classifierInput|n_28.modelParams|spParams|synPermInactiveDec_0.1,  4391,  1,  None,  0.0001,  9,  12,  1,  None,  None,  28,  0.1,  18.696867343,  53.5677741383, 
1001,  1286,  completed,  eof,  2016-02-17 08:03:48,  2016-02-17 08:05:02,  74,  modelParams|clParams|alpha_0.1.modelParams|tpParams|minThreshold_12.modelParams|tpParams|activationThreshold_16.modelParams|tpParams|pamLength_5.modelParams|sensorParams|encoders|kw_energy_consumption:n_521.modelParams|sensorParams|encoders|_classifierInput|n_521.modelParams|spParams|synPermInactiveDec_0.0003,  4391,  None,  None,  0.1,  12,  16,  5,  None,  521,  521,  0.0003,  18.8990550243,  54.1470553538, 
1001,  1287,  completed,  eof,  2016-02-17 08:03:56,  2016-02-17 08:05:17,  81,  modelParams|clParams|alpha_0.1.modelParams|tpParams|minThreshold_12.modelParams|tpParams|activationThreshold_16.modelParams|tpParams|pamLength_5.modelParams|sensorParams|encoders|timestamp_dayOfWeek:radius_6.0.modelParams|sensorParams|encoders|_classifierInput|n_521.modelParams|spParams|synPermInactiveDec_0.0003,  4391,  None,  None,  0.1,  12,  16,  5,  6.0,  None,  521,  0.0003,  26.4809275153,  75.869626611, 
1001,  1288,  completed,  eof,  2016-02-17 08:04:04,  2016-02-17 08:04:42,  38,  modelParams|sensorParams|encoders|timestamp_timeOfDay:radius_12.0.modelParams|clParams|alpha_0.1.modelParams|tpParams|minThreshold_12.modelParams|tpParams|activationThreshold_16.modelParams|tpParams|pamLength_5.modelParams|sensorParams|encoders|_classifierInput|n_521.modelParams|spParams|synPermInactiveDec_0.0003,  4391,  None,  12.0,  0.1,  12,  16,  5,  None,  None,  521,  0.0003,  9.04963565057,  25.9278107754, 
1001,  1289,  completed,  eof,  2016-02-17 08:04:11,  2016-02-17 08:04:47,  36,  modelParams|sensorParams|encoders|timestamp_weekend:radius_1.modelParams|clParams|alpha_0.1.modelParams|tpParams|minThreshold_12.modelParams|tpParams|activationThreshold_16.modelParams|tpParams|pamLength_5.modelParams|sensorParams|encoders|_classifierInput|n_521.modelParams|spParams|synPermInactiveDec_0.0003,  4391,  1,  None,  0.1,  12,  16,  5,  None,  None,  521,  0.0003,  21.1531536188,  60.6051984312, 
1001,  1290,  completed,  eof,  2016-02-17 08:04:15,  2016-02-17 08:04:55,  40,  modelParams|clParams|alpha_0.025075.modelParams|tpParams|minThreshold_10.modelParams|tpParams|activationThreshold_13.modelParams|tpParams|pamLength_2.modelParams|sensorParams|encoders|kw_energy_consumption:n_147.modelParams|sensorParams|encoders|_classifierInput|n_151.modelParams|spParams|synPermInactiveDec_0.075075,  4391,  None,  None,  0.025075,  10,  13,  2,  None,  147,  151,  0.075075,  19.4862841117,  55.829505924, 
1001,  1291,  completed,  eof,  2016-02-17 08:04:21,  2016-02-17 08:05:09,  48,  modelParams|clParams|alpha_0.025075.modelParams|tpParams|minThreshold_10.modelParams|tpParams|activationThreshold_13.modelParams|tpParams|pamLength_2.modelParams|sensorParams|encoders|timestamp_dayOfWeek:radius_4.75.modelParams|sensorParams|encoders|_classifierInput|n_151.modelParams|spParams|synPermInactiveDec_0.075075,  4391,  None,  None,  0.025075,  10,  13,  2,  4.75,  None,  151,  0.075075,  18.8060512272,  53.8805932615, 
1001,  1292,  completed,  eof,  2016-02-17 08:04:42,  2016-02-17 08:05:13,  31,  modelParams|sensorParams|encoders|timestamp_timeOfDay:radius_9.125.modelParams|clParams|alpha_0.025075.modelParams|tpParams|minThreshold_10.modelParams|tpParams|activationThreshold_13.modelParams|tpParams|pamLength_2.modelParams|sensorParams|encoders|_classifierInput|n_151.modelParams|spParams|synPermInactiveDec_0.075075,  4391,  None,  9.125,  0.025075,  10,  13,  2,  None,  None,  151,  0.075075,  8.9818577036,  25.7336224289, 
1001,  1293,  completed,  eof,  2016-02-17 08:04:47,  2016-02-17 08:05:17,  30,  modelParams|sensorParams|encoders|timestamp_weekend:radius_1.modelParams|clParams|alpha_0.025075.modelParams|tpParams|minThreshold_10.modelParams|tpParams|activationThreshold_13.modelParams|tpParams|pamLength_2.modelParams|sensorParams|encoders|_classifierInput|n_151.modelParams|spParams|synPermInactiveDec_0.075075,  4391,  1,  None,  0.025075,  10,  13,  2,  None,  None,  151,  0.075075,  21.0596709082,  60.3373642194, 
1001,  1294,  completed,  eof,  2016-02-17 08:04:56,  2016-02-17 08:05:54,  58,  modelParams|clParams|alpha_0.075025.modelParams|tpParams|minThreshold_11.modelParams|tpParams|activationThreshold_15.modelParams|tpParams|pamLength_4.modelParams|sensorParams|encoders|kw_energy_consumption:n_396.modelParams|sensorParams|encoders|_classifierInput|n_398.modelParams|spParams|synPermInactiveDec_0.025225,  4391,  None,  None,  0.075025,  11,  15,  4,  None,  396,  398,  0.025225,  19.817323083,  56.7779546947, 
1001,  1295,  completed,  eof,  2016-02-17 08:05:03,  2016-02-17 08:06:05,  62,  modelParams|clParams|alpha_0.075025.modelParams|tpParams|minThreshold_11.modelParams|tpParams|activationThreshold_15.modelParams|tpParams|pamLength_4.modelParams|sensorParams|encoders|timestamp_dayOfWeek:radius_2.25.modelParams|sensorParams|encoders|_classifierInput|n_398.modelParams|spParams|synPermInactiveDec_0.025225,  4391,  None,  None,  0.075025,  11,  15,  4,  2.25,  None,  398,  0.025225,  22.1474249483,  63.4538522208, 
1001,  1296,  completed,  eof,  2016-02-17 08:05:09,  2016-02-17 08:05:40,  31,  modelParams|sensorParams|encoders|timestamp_timeOfDay:radius_3.375.modelParams|clParams|alpha_0.075025.modelParams|tpParams|minThreshold_11.modelParams|tpParams|activationThreshold_15.modelParams|tpParams|pamLength_4.modelParams|sensorParams|encoders|_classifierInput|n_398.modelParams|spParams|synPermInactiveDec_0.025225,  4391,  None,  3.375,  0.075025,  11,  15,  4,  None,  None,  398,  0.025225,  8.31747469759,  23.830120727, 
1001,  1297,  completed,  eof,  2016-02-17 08:05:13,  2016-02-17 08:05:46,  33,  modelParams|sensorParams|encoders|timestamp_weekend:radius_1.modelParams|clParams|alpha_0.075025.modelParams|tpParams|minThreshold_11.modelParams|tpParams|activationThreshold_15.modelParams|tpParams|pamLength_4.modelParams|sensorParams|encoders|_classifierInput|n_398.modelParams|spParams|synPermInactiveDec_0.025225,  4391,  1,  None,  0.075025,  11,  15,  4,  None,  None,  398,  0.025225,  20.9725390436,  60.0877256058, 
1001,  1298,  completed,  eof,  2016-02-17 08:05:17,  2016-02-17 08:05:57,  40,  modelParams|clParams|alpha_0.0145852851107.modelParams|tpParams|minThreshold_9.modelParams|tpParams|activationThreshold_12.modelParams|tpParams|pamLength_2.modelParams|sensorParams|encoders|kw_energy_consumption:n_93.modelParams|sensorParams|encoders|_classifierInput|n_52.modelParams|spParams|synPermInactiveDec_0.0989798227547,  4391,  None,  None,  0.0145852851107,  9,  12,  2,  None,  93,  52,  0.0989798227547,  17.6629043294,  50.6054010216, 
1001,  1299,  completed,  eof,  2016-02-17 08:05:17,  2016-02-17 08:06:01,  44,  modelParams|clParams|alpha_0.0145852851107.modelParams|tpParams|minThreshold_9.modelParams|tpParams|activationThreshold_12.modelParams|tpParams|pamLength_2.modelParams|sensorParams|encoders|timestamp_dayOfWeek:radius_1.72020278056.modelParams|sensorParams|encoders|_classifierInput|n_52.modelParams|spParams|synPermInactiveDec_0.0989798227547,  4391,  None,  None,  0.0145852851107,  9,  12,  2,  1.72020278056,  None,  52,  0.0989798227547,  10.3597395938,  29.6813461054, 
1001,  1300,  completed,  eof,  2016-02-17 08:05:40,  2016-02-17 08:06:11,  31,  modelParams|sensorParams|encoders|timestamp_timeOfDay:radius_4.49623763149.modelParams|clParams|alpha_0.0772548752741.modelParams|tpParams|minThreshold_11.modelParams|tpParams|activationThreshold_15.modelParams|tpParams|pamLength_4.modelParams|sensorParams|encoders|_classifierInput|n_422.modelParams|spParams|synPermInactiveDec_0.0332125886227,  4391,  None,  4.49623763149,  0.0772548752741,  11,  15,  4,  None,  None,  422,  0.0332125886227,  8.63726091853,  24.746329616, 
1001,  1301,  completed,  eof,  2016-02-17 08:05:46,  2016-02-17 08:06:15,  29,  modelParams|sensorParams|encoders|timestamp_weekend:radius_1.modelParams|clParams|alpha_0.00958991421899.modelParams|tpParams|minThreshold_9.modelParams|tpParams|activationThreshold_12.modelParams|tpParams|pamLength_1.modelParams|sensorParams|encoders|_classifierInput|n_80.modelParams|spParams|synPermInactiveDec_0.0955441272355,  4391,  1,  None,  0.00958991421899,  9,  12,  1,  None,  None,  80,  0.0955441272355,  21.6280053878,  61.9656804758, 
1001,  1302,  completed,  eof,  2016-02-17 08:05:55,  2016-02-17 08:06:28,  33,  modelParams|clParams|alpha_0.0001.modelParams|tpParams|minThreshold_9.modelParams|tpParams|activationThreshold_12.modelParams|tpParams|pamLength_1.modelParams|sensorParams|encoders|kw_energy_consumption:n_22.modelParams|sensorParams|encoders|_classifierInput|n_53.modelParams|spParams|synPermInactiveDec_0.1,  4391,  None,  None,  0.0001,  9,  12,  1,  None,  22,  53,  0.1,  18.0741685782,  51.7837005724, 
1001,  1303,  completed,  eof,  2016-02-17 08:05:57,  2016-02-17 08:06:38,  41,  modelParams|clParams|alpha_0.0001.modelParams|tpParams|minThreshold_9.modelParams|tpParams|activationThreshold_12.modelParams|tpParams|pamLength_1.modelParams|sensorParams|encoders|timestamp_dayOfWeek:radius_1.modelParams|sensorParams|encoders|_classifierInput|n_28.modelParams|spParams|synPermInactiveDec_0.1,  4391,  None,  None,  0.0001,  9,  12,  1,  1,  None,  28,  0.1,  14.8948506754,  42.6747423599, 
1001,  1304,  completed,  eof,  2016-02-17 08:06:01,  2016-02-17 08:06:30,  29,  modelParams|sensorParams|encoders|timestamp_timeOfDay:radius_2.25376236851.modelParams|clParams|alpha_0.0617346258223.modelParams|tpParams|minThreshold_11.modelParams|tpParams|activationThreshold_15.modelParams|tpParams|pamLength_4.modelParams|sensorParams|encoders|_classifierInput|n_374.modelParams|spParams|synPermInactiveDec_0.039217765868,  4391,  None,  2.25376236851,  0.0617346258223,  11,  15,  4,  None,  None,  374,  0.039217765868,  8.73126662624,  25.0156622494, 
1001,  1305,  completed,  eof,  2016-02-17 08:06:05,  2016-02-17 08:06:33,  28,  modelParams|sensorParams|encoders|timestamp_weekend:radius_1.modelParams|clParams|alpha_0.0001.modelParams|tpParams|minThreshold_9.modelParams|tpParams|activationThreshold_12.modelParams|tpParams|pamLength_1.modelParams|sensorParams|encoders|_classifierInput|n_28.modelParams|spParams|synPermInactiveDec_0.1,  4391,  1,  None,  0.0001,  9,  12,  1,  None,  None,  28,  0.1,  18.696867343,  53.5677741383, 
1001,  1306,  completed,  eof,  2016-02-17 08:06:11,  2016-02-17 08:06:50,  39,  modelParams|clParams|alpha_0.0140855702213.modelParams|tpParams|minThreshold_9.modelParams|tpParams|activationThreshold_12.modelParams|tpParams|pamLength_2.modelParams|sensorParams|encoders|kw_energy_consumption:n_91.modelParams|sensorParams|encoders|_classifierInput|n_28.modelParams|spParams|synPermInactiveDec_0.0830046455094,  4391,  None,  None,  0.0140855702213,  9,  12,  2,  None,  91,  28,  0.0830046455094,  16.4902769359,  47.2457451921, 
1001,  1307,  completed,  eof,  2016-02-17 08:06:15,  2016-02-17 08:07:03,  48,  modelParams|clParams|alpha_0.0258187134779.modelParams|tpParams|minThreshold_9.modelParams|tpParams|activationThreshold_12.modelParams|tpParams|pamLength_3.modelParams|sensorParams|encoders|timestamp_dayOfWeek:radius_2.27515180169.modelParams|sensorParams|encoders|_classifierInput|n_76.modelParams|spParams|synPermInactiveDec_0.0821073638544,  4391,  None,  None,  0.0258187134779,  9,  12,  3,  2.27515180169,  None,  76,  0.0821073638544,  11.621050852,  33.2950871324, 
1001,  1308,  completed,  eof,  2016-02-17 08:06:28,  2016-02-17 08:06:59,  31,  modelParams|sensorParams|encoders|timestamp_timeOfDay:radius_4.43871289448.modelParams|clParams|alpha_0.0827851247259.modelParams|tpParams|minThreshold_11.modelParams|tpParams|activationThreshold_15.modelParams|tpParams|pamLength_4.modelParams|sensorParams|encoders|_classifierInput|n_373.modelParams|spParams|synPermInactiveDec_0.0172374113773,  4391,  None,  4.43871289448,  0.0827851247259,  11,  15,  4,  None,  None,  373,  0.0172374113773,  8.6176535287,  24.6901531341, 
1001,  1309,  completed,  eof,  2016-02-17 08:06:31,  2016-02-17 08:07:00,  29,  modelParams|sensorParams|encoders|timestamp_weekend:radius_1.modelParams|clParams|alpha_0.00409482843797.modelParams|tpParams|minThreshold_9.modelParams|tpParams|activationThreshold_12.modelParams|tpParams|pamLength_1.modelParams|sensorParams|encoders|_classifierInput|n_59.modelParams|spParams|synPermInactiveDec_0.076133254471,  4391,  1,  None,  0.00409482843797,  9,  12,  1,  None,  None,  59,  0.076133254471,  20.56379777,  58.9166545474, 
1001,  1310,  completed,  eof,  2016-02-17 08:06:33,  2016-02-17 08:07:05,  32,  modelParams|clParams|alpha_0.0001.modelParams|tpParams|minThreshold_9.modelParams|tpParams|activationThreshold_12.modelParams|tpParams|pamLength_1.modelParams|sensorParams|encoders|kw_energy_consumption:n_22.modelParams|sensorParams|encoders|_classifierInput|n_28.modelParams|spParams|synPermInactiveDec_0.0920124113773,  4391,  None,  None,  0.0001,  9,  12,  1,  None,  22,  28,  0.0920124113773,  17.2534588838,  49.4323124637, 
1001,  1311,  completed,  eof,  2016-02-17 08:06:38,  2016-02-17 08:07:25,  47,  modelParams|clParams|alpha_0.0115832858119.modelParams|tpParams|minThreshold_9.modelParams|tpParams|activationThreshold_12.modelParams|tpParams|pamLength_2.modelParams|sensorParams|encoders|timestamp_dayOfWeek:radius_2.04005041141.modelParams|sensorParams|encoders|_classifierInput|n_77.modelParams|spParams|synPermInactiveDec_0.0911151297224,  4391,  None,  None,  0.0115832858119,  9,  12,  2,  2.04005041141,  None,  77,  0.0911151297224,  11.4008098782,  32.6640820276, 
1001,  1312,  completed,  eof,  2016-02-17 08:06:51,  2016-02-17 08:07:21,  30,  modelParams|sensorParams|encoders|timestamp_timeOfDay:radius_3.89247526299.modelParams|clParams|alpha_0.0644997505482.modelParams|tpParams|minThreshold_11.modelParams|tpParams|activationThreshold_14.modelParams|tpParams|pamLength_3.modelParams|sensorParams|encoders|_classifierInput|n_374.modelParams|spParams|synPermInactiveDec_0.0262451772453,  4391,  None,  3.89247526299,  0.0644997505482,  11,  14,  3,  None,  None,  374,  0.0262451772453,  8.41805793909,  24.1182984342, 
1001,  1313,  completed,  eof,  2016-02-17 08:06:59,  2016-02-17 08:07:27,  28,  modelParams|sensorParams|encoders|timestamp_weekend:radius_1.modelParams|clParams|alpha_0.0001.modelParams|tpParams|minThreshold_9.modelParams|tpParams|activationThreshold_12.modelParams|tpParams|pamLength_1.modelParams|sensorParams|encoders|_classifierInput|n_28.modelParams|spParams|synPermInactiveDec_0.0902945636177,  4391,  1,  None,  0.0001,  9,  12,  1,  None,  None,  28,  0.0902945636177,  18.6461826798,  53.4225591918, 
1001,  1314,  completed,  eof,  2016-02-17 08:07:00,  2016-02-17 08:07:40,  40,  modelParams|clParams|alpha_0.0206687997124.modelParams|tpParams|minThreshold_9.modelParams|tpParams|activationThreshold_12.modelParams|tpParams|pamLength_3.modelParams|sensorParams|encoders|kw_energy_consumption:n_124.modelParams|sensorParams|encoders|_classifierInput|n_28.modelParams|spParams|synPermInactiveDec_0.0810292239957,  4391,  None,  None,  0.0206687997124,  9,  12,  3,  None,  124,  28,  0.0810292239957,  17.0715176748,  48.9110387436, 
1001,  1315,  completed,  eof,  2016-02-17 08:07:03,  2016-02-17 08:07:51,  48,  modelParams|clParams|alpha_0.0210735709226.modelParams|tpParams|minThreshold_9.modelParams|tpParams|activationThreshold_12.modelParams|tpParams|pamLength_3.modelParams|sensorParams|encoders|timestamp_dayOfWeek:radius_1.56984763085.modelParams|sensorParams|encoders|_classifierInput|n_76.modelParams|spParams|synPermInactiveDec_0.0950799524771,  4391,  None,  None,  0.0210735709226,  9,  12,  3,  1.56984763085,  None,  76,  0.0950799524771,  10.7794612665,  30.8838767405, 
1001,  1316,  completed,  eof,  2016-02-17 08:07:05,  2016-02-17 08:07:35,  30,  modelParams|sensorParams|encoders|timestamp_timeOfDay:radius_2.8.modelParams|clParams|alpha_0.07003.modelParams|tpParams|minThreshold_11.modelParams|tpParams|activationThreshold_15.modelParams|tpParams|pamLength_4.modelParams|sensorParams|encoders|_classifierInput|n_373.modelParams|spParams|synPermInactiveDec_0.03021,  4391,  None,  2.8,  0.07003,  11,  15,  4,  None,  None,  373,  0.03021,  8.77126512566,  25.1302606227, 
1001,  1317,  completed,  eof,  2016-02-17 08:07:21,  2016-02-17 08:07:50,  29,  modelParams|sensorParams|encoders|timestamp_weekend:radius_1.modelParams|clParams|alpha_0.0118373713285.modelParams|tpParams|minThreshold_9.modelParams|tpParams|activationThreshold_12.modelParams|tpParams|pamLength_1.modelParams|sensorParams|encoders|_classifierInput|n_45.modelParams|spParams|synPermInactiveDec_0.0908236908532,  4391,  1,  None,  0.0118373713285,  9,  12,  1,  None,  None,  45,  0.0908236908532,  21.7451489245,  62.3013045352, 
1001,  1318,  completed,  eof,  2016-02-17 08:07:25,  2016-02-17 08:08:07,  42,  modelParams|clParams|alpha_0.00531433517812.modelParams|tpParams|minThreshold_9.modelParams|tpParams|activationThreshold_12.modelParams|tpParams|pamLength_1.modelParams|sensorParams|encoders|kw_energy_consumption:n_47.modelParams|sensorParams|encoders|_classifierInput|n_28.modelParams|spParams|synPermInactiveDec_0.097136549962,  4391,  None,  None,  0.00531433517812,  9,  12,  1,  None,  47,  28,  0.097136549962,  17.8850956292,  51.241993941, 
1001,  1319,  completed,  eof,  2016-02-17 08:07:27,  2016-02-17 08:08:07,  40,  modelParams|clParams|alpha_0.00571910638831.modelParams|tpParams|minThreshold_9.modelParams|tpParams|activationThreshold_12.modelParams|tpParams|pamLength_1.modelParams|sensorParams|encoders|timestamp_dayOfWeek:radius_1.2752534757.modelParams|sensorParams|encoders|_classifierInput|n_28.modelParams|spParams|synPermInactiveDec_0.1,  4391,  None,  None,  0.00571910638831,  9,  12,  1,  1.2752534757,  None,  28,  0.1,  11.8162437902,  33.854327942, 
1001,  1320,  completed,  eof,  2016-02-17 08:07:35,  2016-02-17 08:08:03,  28,  modelParams|sensorParams|encoders|timestamp_weekend:radius_1.modelParams|clParams|alpha_0.0001.modelParams|tpParams|minThreshold_9.modelParams|tpParams|activationThreshold_12.modelParams|tpParams|pamLength_1.modelParams|sensorParams|encoders|_classifierInput|n_28.modelParams|spParams|synPermInactiveDec_0.0912644455739,  4391,  1,  None,  0.0001,  9,  12,  1,  None,  None,  28,  0.0912644455739,  18.6461826798,  53.4225591918, 
1001,  1321,  completed,  eof,  2016-02-17 08:07:40,  2016-02-17 08:08:19,  39,  modelParams|clParams|alpha_0.0101796220464.modelParams|tpParams|minThreshold_9.modelParams|tpParams|activationThreshold_12.modelParams|tpParams|pamLength_2.modelParams|sensorParams|encoders|kw_energy_consumption:n_72.modelParams|sensorParams|encoders|_classifierInput|n_28.modelParams|spParams|synPermInactiveDec_0.0862982398637,  4391,  None,  None,  0.0101796220464,  9,  12,  2,  None,  72,  28,  0.0862982398637,  17.4176957612,  49.9028620905, 
1001,  1322,  completed,  eof,  2016-02-17 08:07:50,  2016-02-17 08:08:32,  42,  modelParams|clParams|alpha_0.0105843932566.modelParams|tpParams|minThreshold_9.modelParams|tpParams|activationThreshold_12.modelParams|tpParams|pamLength_2.modelParams|sensorParams|encoders|timestamp_dayOfWeek:radius_1.52224624057.modelParams|sensorParams|encoders|_classifierInput|n_46.modelParams|spParams|synPermInactiveDec_0.1,  4391,  None,  None,  0.0105843932566,  9,  12,  2,  1.52224624057,  None,  46,  0.1,  14.1520995737,  40.5467108279, 
1001,  1323,  completed,  eof,  2016-02-17 08:07:51,  2016-02-17 08:08:19,  28,  modelParams|sensorParams|encoders|timestamp_weekend:radius_1.modelParams|clParams|alpha_0.0001.modelParams|tpParams|minThreshold_9.modelParams|tpParams|activationThreshold_12.modelParams|tpParams|pamLength_1.modelParams|sensorParams|encoders|_classifierInput|n_28.modelParams|spParams|synPermInactiveDec_0.093378883628,  4391,  1,  None,  0.0001,  9,  12,  1,  None,  None,  28,  0.093378883628,  18.6461826798,  53.4225591918, 
1001,  1324,  completed,  eof,  2016-02-17 08:08:03,  2016-02-17 08:08:35,  32,  modelParams|clParams|alpha_0.0001.modelParams|tpParams|minThreshold_9.modelParams|tpParams|activationThreshold_12.modelParams|tpParams|pamLength_1.modelParams|sensorParams|encoders|kw_energy_consumption:n_22.modelParams|sensorParams|encoders|_classifierInput|n_28.modelParams|spParams|synPermInactiveDec_0.1,  4391,  None,  None,  0.0001,  9,  12,  1,  None,  22,  28,  0.1,  17.5003347901,  50.1396284297, 
1001,  1325,  completed,  eof,  2016-02-17 08:08:07,  2016-02-17 08:08:56,  49,  modelParams|clParams|alpha_0.0341483430351.modelParams|tpParams|minThreshold_9.modelParams|tpParams|activationThreshold_13.modelParams|tpParams|pamLength_2.modelParams|sensorParams|encoders|timestamp_dayOfWeek:radius_2.41937039794.modelParams|sensorParams|encoders|_classifierInput|n_126.modelParams|spParams|synPermInactiveDec_0.0829374170729,  4391,  None,  None,  0.0341483430351,  9,  13,  2,  2.41937039794,  None,  126,  0.0829374170729,  13.8234793907,  39.6051920474, 
1001,  1326,  completed,  eof,  2016-02-17 08:08:07,  2016-02-17 08:08:36,  29,  modelParams|sensorParams|encoders|timestamp_weekend:radius_1.modelParams|clParams|alpha_0.0136460833709.modelParams|tpParams|minThreshold_9.modelParams|tpParams|activationThreshold_13.modelParams|tpParams|pamLength_2.modelParams|sensorParams|encoders|_classifierInput|n_97.modelParams|spParams|synPermInactiveDec_0.0714085269296,  4391,  1,  None,  0.0136460833709,  9,  13,  2,  None,  None,  97,  0.0714085269296,  21.4198952359,  61.3694309861, 
1001,  1327,  completed,  eof,  2016-02-17 08:08:19,  2016-02-17 08:08:58,  39,  modelParams|clParams|alpha_0.00512215768525.modelParams|tpParams|minThreshold_9.modelParams|tpParams|activationThreshold_12.modelParams|tpParams|pamLength_2.modelParams|sensorParams|encoders|kw_energy_consumption:n_46.modelParams|sensorParams|encoders|_classifierInput|n_28.modelParams|spParams|synPermInactiveDec_0.0883241183261,  4391,  None,  None,  0.00512215768525,  9,  12,  2,  None,  46,  28,  0.0883241183261,  16.8712844031,  48.3373570422, 
1001,  1328,  completed,  eof,  2016-02-17 08:08:19,  2016-02-17 08:09:00,  41,  modelParams|clParams|alpha_0.0106419896117.modelParams|tpParams|minThreshold_9.modelParams|tpParams|activationThreshold_12.modelParams|tpParams|pamLength_2.modelParams|sensorParams|encoders|timestamp_dayOfWeek:radius_1.10287268157.modelParams|sensorParams|encoders|_classifierInput|n_33.modelParams|spParams|synPermInactiveDec_0.1,  4391,  None,  None,  0.0106419896117,  9,  12,  2,  1.10287268157,  None,  33,  0.1,  9.41299856577,  26.968869805, 
1001,  1329,  completed,  eof,  2016-02-17 08:08:32,  2016-02-17 08:09:00,  28,  modelParams|sensorParams|encoders|timestamp_weekend:radius_1.modelParams|clParams|alpha_0.0001.modelParams|tpParams|minThreshold_9.modelParams|tpParams|activationThreshold_12.modelParams|tpParams|pamLength_1.modelParams|sensorParams|encoders|_classifierInput|n_28.modelParams|spParams|synPermInactiveDec_0.0940994545222,  4391,  1,  None,  0.0001,  9,  12,  1,  None,  None,  28,  0.0940994545222,  18.6461826798,  53.4225591918, 
1001,  1330,  completed,  eof,  2016-02-17 08:08:35,  2016-02-17 08:09:14,  39,  modelParams|clParams|alpha_0.00174730543107.modelParams|tpParams|minThreshold_9.modelParams|tpParams|activationThreshold_12.modelParams|tpParams|pamLength_1.modelParams|sensorParams|encoders|kw_energy_consumption:n_29.modelParams|sensorParams|encoders|_classifierInput|n_28.modelParams|spParams|synPermInactiveDec_0.0967177324747,  4391,  None,  None,  0.00174730543107,  9,  12,  1,  None,  29,  28,  0.0967177324747,  16.5462383493,  47.4060783804, 
1001,  1331,  completed,  eof,  2016-02-17 08:08:37,  2016-02-17 08:09:17,  40,  modelParams|clParams|alpha_0.00233017423238.modelParams|tpParams|minThreshold_9.modelParams|tpParams|activationThreshold_12.modelParams|tpParams|pamLength_1.modelParams|sensorParams|encoders|timestamp_dayOfWeek:radius_1.52188572449.modelParams|sensorParams|encoders|_classifierInput|n_28.modelParams|spParams|synPermInactiveDec_0.1,  4391,  None,  None,  0.00233017423238,  9,  12,  1,  1.52188572449,  None,  28,  0.1,  14.7507787426,  42.2619666467, 
1001,  1332,  completed,  eof,  2016-02-17 08:08:56,  2016-02-17 08:09:24,  28,  modelParams|sensorParams|encoders|timestamp_weekend:radius_1.modelParams|clParams|alpha_0.0001.modelParams|tpParams|minThreshold_9.modelParams|tpParams|activationThreshold_12.modelParams|tpParams|pamLength_1.modelParams|sensorParams|encoders|_classifierInput|n_28.modelParams|spParams|synPermInactiveDec_0.0903596427143,  4391,  1,  None,  0.0001,  9,  12,  1,  None,  None,  28,  0.0903596427143,  18.6461826798,  53.4225591918, 
1001,  1333,  completed,  killed,  2016-02-17 08:08:58,  2016-02-17 08:09:14,  16,  modelParams|clParams|alpha_0.0125483351845.modelParams|tpParams|minThreshold_9.modelParams|tpParams|activationThreshold_12.modelParams|tpParams|pamLength_2.modelParams|sensorParams|encoders|kw_energy_consumption:n_83.modelParams|sensorParams|encoders|_classifierInput|n_28.modelParams|spParams|synPermInactiveDec_0.0846197721909,  1900,  None,  None,  0.0125483351845,  9,  12,  2,  None,  83,  28,  0.0846197721909,  13.2255126187,  46.9204445248, 
1001,  1334,  completed,  eof,  2016-02-17 08:09:00,  2016-02-17 08:09:43,  43,  modelParams|clParams|alpha_0.0130243675879.modelParams|tpParams|minThreshold_9.modelParams|tpParams|activationThreshold_12.modelParams|tpParams|pamLength_2.modelParams|sensorParams|encoders|timestamp_dayOfWeek:radius_1.63304213721.modelParams|sensorParams|encoders|_classifierInput|n_43.modelParams|spParams|synPermInactiveDec_0.1,  4391,  None,  None,  0.0130243675879,  9,  12,  2,  1.63304213721,  None,  43,  0.1,  12.081904989,  34.6154650262, 
1001,  1335,  completed,  killed,  2016-02-17 08:09:00,  2016-02-17 08:09:24,  24,  modelParams|sensorParams|encoders|timestamp_weekend:radius_1.modelParams|clParams|alpha_0.0001.modelParams|tpParams|minThreshold_9.modelParams|tpParams|activationThreshold_12.modelParams|tpParams|pamLength_1.modelParams|sensorParams|encoders|_classifierInput|n_28.modelParams|spParams|synPermInactiveDec_0.0894083248903,  3850,  1,  None,  0.0001,  9,  12,  1,  None,  None,  28,  0.0894083248903,  19.3229371128,  55.3829270895, 
1001,  1336,  completed,  eof,  2016-02-17 08:09:14,  2016-02-17 08:09:56,  42,  modelParams|clParams|alpha_0.0132521448662.modelParams|tpParams|minThreshold_9.modelParams|tpParams|activationThreshold_12.modelParams|tpParams|pamLength_2.modelParams|sensorParams|encoders|timestamp_dayOfWeek:radius_1.31231048712.modelParams|sensorParams|encoders|_classifierInput|n_37.modelParams|spParams|synPermInactiveDec_0.1,  4391,  None,  None,  0.0132521448662,  9,  12,  2,  1.31231048712,  None,  37,  0.1,  13.1700698566,  37.7331300757, 
1001,  1337,  completed,  killed,  2016-02-17 08:09:14,  2016-02-17 08:09:25,  11,  modelParams|sensorParams|encoders|timestamp_weekend:radius_1.modelParams|clParams|alpha_0.0001.modelParams|tpParams|minThreshold_9.modelParams|tpParams|activationThreshold_12.modelParams|tpParams|pamLength_1.modelParams|sensorParams|encoders|_classifierInput|n_28.modelParams|spParams|synPermInactiveDec_0.0892234103579,  1650,  1,  None,  0.0001,  9,  12,  1,  None,  None,  28,  0.0892234103579,  15.0426264788,  53.4978287329, 
1001,  1338,  completed,  eof,  2016-02-17 08:09:18,  2016-02-17 08:10:01,  43,  modelParams|clParams|alpha_0.0214216366471.modelParams|tpParams|minThreshold_9.modelParams|tpParams|activationThreshold_12.modelParams|tpParams|pamLength_3.modelParams|sensorParams|encoders|timestamp_dayOfWeek:radius_1.67039501928.modelParams|sensorParams|encoders|_classifierInput|n_46.modelParams|spParams|synPermInactiveDec_0.093510697974,  4391,  None,  None,  0.0214216366471,  9,  12,  3,  1.67039501928,  None,  46,  0.093510697974,  12.5975401478,  36.0927942074, 
1001,  1339,  completed,  eof,  2016-02-17 08:09:24,  2016-02-17 08:10:03,  39,  modelParams|clParams|alpha_0.0104066655617.modelParams|tpParams|minThreshold_9.modelParams|tpParams|activationThreshold_12.modelParams|tpParams|pamLength_2.modelParams|sensorParams|encoders|timestamp_dayOfWeek:radius_1.modelParams|sensorParams|encoders|_classifierInput|n_28.modelParams|spParams|synPermInactiveDec_0.1,  4391,  None,  None,  0.0104066655617,  9,  12,  2,  1,  None,  28,  0.1,  10.576814384,  30.3032798826, 
1001,  1340,  completed,  eof,  2016-02-17 08:09:25,  2016-02-17 08:10:04,  39,  modelParams|clParams|alpha_0.00932411362711.modelParams|tpParams|minThreshold_9.modelParams|tpParams|activationThreshold_12.modelParams|tpParams|pamLength_2.modelParams|sensorParams|encoders|timestamp_dayOfWeek:radius_1.18130664288.modelParams|sensorParams|encoders|_classifierInput|n_28.modelParams|spParams|synPermInactiveDec_0.1,  4391,  None,  None,  0.00932411362711,  9,  12,  2,  1.18130664288,  None,  28,  0.1,  10.223069552,  29.2897773042, 
1001,  1341,  completed,  killed,  2016-02-17 08:09:25,  2016-02-17 08:10:04,  39,  modelParams|clParams|alpha_0.05005.modelParams|tpParams|minThreshold_11.modelParams|tpParams|activationThreshold_14.modelParams|tpParams|pamLength_3.modelParams|sensorParams|encoders|timestamp_dayOfWeek:radius_3.5.modelParams|sensorParams|encoders|kw_energy_consumption:n_272.modelParams|sensorParams|encoders|_classifierInput|n_275.modelParams|spParams|synPermInactiveDec_0.05015,  2900,  None,  None,  0.05005,  11,  14,  3,  3.5,  272,  275,  0.05015,  15.4184585545,  47.4222961036, 
1001,  1342,  completed,  killed,  2016-02-17 08:09:43,  2016-02-17 08:10:04,  21,  modelParams|clParams|alpha_0.0133329392319.modelParams|tpParams|minThreshold_9.modelParams|tpParams|activationThreshold_12.modelParams|tpParams|pamLength_2.modelParams|sensorParams|encoders|timestamp_dayOfWeek:radius_1.31314433422.modelParams|sensorParams|encoders|_classifierInput|n_39.modelParams|spParams|synPermInactiveDec_0.1,  2200,  None,  None,  0.0133329392319,  9,  12,  2,  1.31314433422,  None,  39,  0.1,  10.6666801489,  36.4398747912, 
1001,  1343,  completed,  killed,  2016-02-17 08:09:56,  2016-02-17 08:10:04,  8,  modelParams|clParams|alpha_0.0118048457834.modelParams|tpParams|minThreshold_9.modelParams|tpParams|activationThreshold_12.modelParams|tpParams|pamLength_2.modelParams|sensorParams|encoders|timestamp_dayOfWeek:radius_1.08978003862.modelParams|sensorParams|encoders|_classifierInput|n_31.modelParams|spParams|synPermInactiveDec_0.1,  900,  None,  None,  0.0118048457834,  9,  12,  2,  1.08978003862,  None,  31,  0.1,  13.9994547023,  49.8502221942, 
1001,  1344,  completed,  killed,  2016-02-17 08:10:01,  2016-02-17 08:10:04,  3,  modelParams|clParams|alpha_0.0106689758187.modelParams|tpParams|minThreshold_9.modelParams|tpParams|activationThreshold_12.modelParams|tpParams|pamLength_2.modelParams|sensorParams|encoders|timestamp_dayOfWeek:radius_1.16883643408.modelParams|sensorParams|encoders|_classifierInput|n_28.modelParams|spParams|synPermInactiveDec_0.0995506601711,  300,  None,  None,  0.0106689758187,  9,  12,  2,  1.16883643408,  None,  28,  0.0995506601711,  19.3427368375,  70.0211419656, 
1001,  1345,  completed,  killed,  2016-02-17 08:10:03,  2016-02-17 08:10:05,  2,  modelParams|clParams|alpha_0.0106005601025.modelParams|tpParams|minThreshold_9.modelParams|tpParams|activationThreshold_12.modelParams|tpParams|pamLength_2.modelParams|sensorParams|encoders|timestamp_dayOfWeek:radius_1.0498656243.modelParams|sensorParams|encoders|_classifierInput|n_31.modelParams|spParams|synPermInactiveDec_0.1,  100,  None,  None,  0.0106005601025,  9,  12,  2,  1.0498656243,  None,  31,  0.1,  24.6738049499,  96.5412766496, 
1001,  1346,  completed,  eof,  2016-02-17 08:10:04,  2016-02-17 08:10:51,  47,  modelParams|sensorParams|encoders|timestamp_timeOfDay:radius_2.8.modelParams|clParams|alpha_0.05005.modelParams|tpParams|minThreshold_11.modelParams|tpParams|activationThreshold_14.modelParams|tpParams|pamLength_3.modelParams|sensorParams|encoders|timestamp_dayOfWeek:radius_3.5.modelParams|sensorParams|encoders|_classifierInput|n_275.modelParams|spParams|synPermInactiveDec_0.05015,  4391,  None,  2.8,  0.05005,  11,  14,  3,  3.5,  None,  275,  0.05015,  8.37240929745,  23.987512026, 
1001,  1350,  completed,  eof,  2016-02-17 08:10:04,  2016-02-17 08:10:52,  48,  modelParams|sensorParams|encoders|timestamp_timeOfDay:radius_2.8.modelParams|clParams|alpha_0.05005.modelParams|tpParams|minThreshold_11.modelParams|tpParams|activationThreshold_14.modelParams|tpParams|pamLength_3.modelParams|sensorParams|encoders|timestamp_dayOfWeek:radius_3.5.modelParams|sensorParams|encoders|_classifierInput|n_275.modelParams|spParams|synPermInactiveDec_0.05015,  4391,  None,  2.8,  0.05005,  11,  14,  3,  3.5,  None,  275,  0.05015,  8.37240929745,  23.987512026, 
1001,  1368,  completed,  eof,  2016-02-17 08:10:05,  2016-02-17 08:10:41,  36,  modelParams|sensorParams|encoders|timestamp_timeOfDay:radius_2.8.modelParams|clParams|alpha_0.0001.modelParams|tpParams|minThreshold_9.modelParams|tpParams|activationThreshold_12.modelParams|tpParams|pamLength_1.modelParams|sensorParams|encoders|timestamp_dayOfWeek:radius_1.0.modelParams|sensorParams|encoders|_classifierInput|n_28.modelParams|spParams|synPermInactiveDec_0.1,  4391,  None,  2.8,  0.0001,  9,  12,  1,  1.0,  None,  28,  0.1,  12.2199013147,  35.0108337191, 
1001,  1399,  completed,  eof,  2016-02-17 08:10:05,  2016-02-17 08:10:57,  52,  modelParams|sensorParams|encoders|timestamp_timeOfDay:radius_2.8.modelParams|clParams|alpha_0.1.modelParams|tpParams|minThreshold_12.modelParams|tpParams|activationThreshold_16.modelParams|tpParams|pamLength_5.modelParams|sensorParams|encoders|timestamp_dayOfWeek:radius_6.0.modelParams|sensorParams|encoders|_classifierInput|n_521.modelParams|spParams|synPermInactiveDec_0.0003,  4391,  None,  2.8,  0.1,  12,  16,  5,  6.0,  None,  521,  0.0003,  7.24976140723,  20.7710508126, 
1001,  1420,  completed,  eof,  2016-02-17 08:10:05,  2016-02-17 08:10:42,  37,  modelParams|sensorParams|encoders|timestamp_timeOfDay:radius_3.95.modelParams|clParams|alpha_0.075025.modelParams|tpParams|minThreshold_10.modelParams|tpParams|activationThreshold_13.modelParams|tpParams|pamLength_2.modelParams|sensorParams|encoders|timestamp_dayOfWeek:radius_4.75.modelParams|sensorParams|encoders|_classifierInput|n_151.modelParams|spParams|synPermInactiveDec_0.075075,  4391,  None,  3.95,  0.075025,  10,  13,  2,  4.75,  None,  151,  0.075075,  7.87205898764,  22.5539749583, 
1001,  1431,  completed,  eof,  2016-02-17 08:10:05,  2016-02-17 08:10:54,  49,  modelParams|sensorParams|encoders|timestamp_timeOfDay:radius_2.8.modelParams|clParams|alpha_0.05005.modelParams|tpParams|minThreshold_11.modelParams|tpParams|activationThreshold_14.modelParams|tpParams|pamLength_3.modelParams|sensorParams|encoders|kw_energy_consumption:n_272.modelParams|sensorParams|encoders|_classifierInput|n_275.modelParams|spParams|synPermInactiveDec_0.05015,  4391,  None,  2.8,  0.05005,  11,  14,  3,  None,  272,  275,  0.05015,  10.9878720989,  31.4809877001, 
1001,  1432,  completed,  eof,  2016-02-17 08:10:41,  2016-02-17 08:11:14,  33,  modelParams|sensorParams|encoders|timestamp_timeOfDay:radius_2.8.modelParams|clParams|alpha_0.0001.modelParams|tpParams|minThreshold_9.modelParams|tpParams|activationThreshold_12.modelParams|tpParams|pamLength_1.modelParams|sensorParams|encoders|kw_energy_consumption:n_22.modelParams|sensorParams|encoders|_classifierInput|n_28.modelParams|spParams|synPermInactiveDec_0.1,  4391,  None,  2.8,  0.0001,  9,  12,  1,  None,  22,  28,  0.1,  10.148910212,  29.0773058403, 
1001,  1433,  completed,  eof,  2016-02-17 08:10:43,  2016-02-17 08:12:14,  91,  modelParams|sensorParams|encoders|timestamp_timeOfDay:radius_2.8.modelParams|clParams|alpha_0.1.modelParams|tpParams|minThreshold_12.modelParams|tpParams|activationThreshold_16.modelParams|tpParams|pamLength_5.modelParams|sensorParams|encoders|kw_energy_consumption:n_521.modelParams|sensorParams|encoders|_classifierInput|n_521.modelParams|spParams|synPermInactiveDec_0.0003,  4391,  None,  2.8,  0.1,  12,  16,  5,  None,  521,  521,  0.0003,  10.6345557178,  30.4687126619, 
1001,  1434,  completed,  eof,  2016-02-17 08:10:52,  2016-02-17 08:11:31,  39,  modelParams|sensorParams|encoders|timestamp_timeOfDay:radius_2.8.modelParams|clParams|alpha_0.025075.modelParams|tpParams|minThreshold_10.modelParams|tpParams|activationThreshold_13.modelParams|tpParams|pamLength_2.modelParams|sensorParams|encoders|kw_energy_consumption:n_147.modelParams|sensorParams|encoders|_classifierInput|n_151.modelParams|spParams|synPermInactiveDec_0.075075,  4391,  None,  2.8,  0.025075,  10,  13,  2,  None,  147,  151,  0.075075,  9.86372442987,  28.2602295201, 
1001,  1435,  completed,  eof,  2016-02-17 08:10:52,  2016-02-17 08:11:48,  56,  modelParams|sensorParams|encoders|timestamp_timeOfDay:radius_2.8.modelParams|clParams|alpha_0.075025.modelParams|tpParams|minThreshold_11.modelParams|tpParams|activationThreshold_15.modelParams|tpParams|pamLength_4.modelParams|sensorParams|encoders|kw_energy_consumption:n_396.modelParams|sensorParams|encoders|_classifierInput|n_398.modelParams|spParams|synPermInactiveDec_0.025225,  4391,  None,  2.8,  0.075025,  11,  15,  4,  None,  396,  398,  0.025225,  10.5501701607,  30.2269424028, 
1001,  1436,  completed,  eof,  2016-02-17 08:10:54,  2016-02-17 08:11:44,  50,  modelParams|sensorParams|encoders|timestamp_timeOfDay:radius_2.65625.modelParams|clParams|alpha_0.055045.modelParams|tpParams|minThreshold_11.modelParams|tpParams|activationThreshold_14.modelParams|tpParams|pamLength_3.modelParams|sensorParams|encoders|kw_energy_consumption:n_296.modelParams|sensorParams|encoders|_classifierInput|n_299.modelParams|spParams|synPermInactiveDec_0.055135,  4391,  None,  2.65625,  0.055045,  11,  14,  3,  None,  296,  299,  0.055135,  10.4752479214,  30.0122851814, 
1001,  1437,  completed,  eof,  2016-02-17 08:10:57,  2016-02-17 08:11:43,  46,  modelParams|sensorParams|encoders|timestamp_timeOfDay:radius_2.65625.modelParams|clParams|alpha_0.0994647505482.modelParams|tpParams|minThreshold_12.modelParams|tpParams|activationThreshold_16.modelParams|tpParams|pamLength_5.modelParams|sensorParams|encoders|timestamp_dayOfWeek:radius_6.modelParams|sensorParams|encoders|_classifierInput|n_516.modelParams|spParams|synPermInactiveDec_0.00438886687677,  4391,  None,  2.65625,  0.0994647505482,  12,  16,  5,  6,  None,  516,  0.00438886687677,  7.11082959755,  20.3730018954, 
1001,  1438,  completed,  eof,  2016-02-17 08:11:14,  2016-02-17 08:11:49,  35,  modelParams|sensorParams|encoders|timestamp_timeOfDay:radius_2.65625.modelParams|clParams|alpha_0.005095.modelParams|tpParams|minThreshold_9.modelParams|tpParams|activationThreshold_12.modelParams|tpParams|pamLength_1.modelParams|sensorParams|encoders|kw_energy_consumption:n_22.modelParams|sensorParams|encoders|_classifierInput|n_53.modelParams|spParams|synPermInactiveDec_0.1,  4391,  None,  2.65625,  0.005095,  9,  12,  1,  None,  22,  53,  0.1,  9.88446044844,  28.3196395988, 
1001,  1439,  completed,  eof,  2016-02-17 08:11:31,  2016-02-17 08:12:17,  46,  modelParams|sensorParams|encoders|timestamp_timeOfDay:radius_2.65625.modelParams|clParams|alpha_0.0994647505482.modelParams|tpParams|minThreshold_12.modelParams|tpParams|activationThreshold_16.modelParams|tpParams|pamLength_5.modelParams|sensorParams|encoders|timestamp_dayOfWeek:radius_6.modelParams|sensorParams|encoders|_classifierInput|n_516.modelParams|spParams|synPermInactiveDec_0.00438886687677,  4391,  None,  2.65625,  0.0994647505482,  12,  16,  5,  6,  None,  516,  0.00438886687677,  7.11082959755,  20.3730018954, 
1001,  1440,  completed,  eof,  2016-02-17 08:11:43,  2016-02-17 08:12:21,  38,  modelParams|sensorParams|encoders|timestamp_timeOfDay:radius_2.65625.modelParams|clParams|alpha_0.03007.modelParams|tpParams|minThreshold_10.modelParams|tpParams|activationThreshold_13.modelParams|tpParams|pamLength_2.modelParams|sensorParams|encoders|kw_energy_consumption:n_122.modelParams|sensorParams|encoders|_classifierInput|n_127.modelParams|spParams|synPermInactiveDec_0.07009,  4391,  None,  2.65625,  0.03007,  10,  13,  2,  None,  122,  127,  0.07009,  10.0521652704,  28.8001251187, 
1001,  1441,  completed,  eof,  2016-02-17 08:11:44,  2016-02-17 08:12:22,  38,  modelParams|sensorParams|encoders|timestamp_timeOfDay:radius_2.53981188157.modelParams|clParams|alpha_0.0934585121649.modelParams|tpParams|minThreshold_12.modelParams|tpParams|activationThreshold_15.modelParams|tpParams|pamLength_4.modelParams|sensorParams|encoders|timestamp_dayOfWeek:radius_6.modelParams|sensorParams|encoders|_classifierInput|n_433.modelParams|spParams|synPermInactiveDec_0.00765510452289,  4391,  None,  2.53981188157,  0.0934585121649,  12,  15,  4,  6,  None,  433,  0.00765510452289,  6.94605721458,  19.9009180092, 
1001,  1442,  completed,  eof,  2016-02-17 08:11:48,  2016-02-17 08:12:27,  39,  modelParams|sensorParams|encoders|timestamp_timeOfDay:radius_2.65625.modelParams|clParams|alpha_0.0256102494518.modelParams|tpParams|minThreshold_10.modelParams|tpParams|activationThreshold_13.modelParams|tpParams|pamLength_3.modelParams|sensorParams|encoders|kw_energy_consumption:n_122.modelParams|sensorParams|encoders|_classifierInput|n_156.modelParams|spParams|synPermInactiveDec_0.0809561331232,  4391,  None,  2.65625,  0.0256102494518,  10,  13,  3,  None,  122,  156,  0.0809561331232,  9.51920923392,  27.2731704655, 
1001,  1443,  completed,  eof,  2016-02-17 08:11:49,  2016-02-17 08:12:29,  40,  modelParams|sensorParams|encoders|timestamp_timeOfDay:radius_2.53981188157.modelParams|clParams|alpha_0.1.modelParams|tpParams|minThreshold_12.modelParams|tpParams|activationThreshold_16.modelParams|tpParams|pamLength_5.modelParams|sensorParams|encoders|timestamp_dayOfWeek:radius_5.75.modelParams|sensorParams|encoders|_classifierInput|n_521.modelParams|spParams|synPermInactiveDec_0.00944737076934,  4391,  None,  2.53981188157,  0.1,  12,  16,  5,  5.75,  None,  521,  0.00944737076934,  6.58211017421,  18.858185422, 
1001,  1444,  completed,  eof,  2016-02-17 08:12:14,  2016-02-17 08:12:55,  41,  modelParams|sensorParams|encoders|timestamp_timeOfDay:radius_2.65625.modelParams|clParams|alpha_0.0383653741777.modelParams|tpParams|minThreshold_10.modelParams|tpParams|activationThreshold_14.modelParams|tpParams|pamLength_3.modelParams|sensorParams|encoders|kw_energy_consumption:n_121.modelParams|sensorParams|encoders|_classifierInput|n_171.modelParams|spParams|synPermInactiveDec_0.0714341996848,  4391,  None,  2.65625,  0.0383653741777,  10,  14,  3,  None,  121,  171,  0.0714341996848,  9.86352131242,  28.2596475751, 
1001,  1445,  completed,  eof,  2016-02-17 08:12:17,  2016-02-17 08:12:55,  38,  modelParams|sensorParams|encoders|timestamp_timeOfDay:radius_3.04580693417.modelParams|clParams|alpha_0.0917638863426.modelParams|tpParams|minThreshold_12.modelParams|tpParams|activationThreshold_15.modelParams|tpParams|pamLength_4.modelParams|sensorParams|encoders|timestamp_dayOfWeek:radius_5.75267764405.modelParams|sensorParams|encoders|_classifierInput|n_448.modelParams|spParams|synPermInactiveDec_0.0081031710845,  4391,  None,  3.04580693417,  0.0917638863426,  12,  15,  4,  5.75267764405,  None,  448,  0.0081031710845,  7.02003509287,  20.1128695732, 
1001,  1446,  completed,  eof,  2016-02-17 08:12:21,  2016-02-17 08:13:02,  41,  modelParams|sensorParams|encoders|timestamp_timeOfDay:radius_2.73675061843.modelParams|clParams|alpha_0.0296418996711.modelParams|tpParams|minThreshold_10.modelParams|tpParams|activationThreshold_13.modelParams|tpParams|pamLength_2.modelParams|sensorParams|encoders|kw_energy_consumption:n_153.modelParams|sensorParams|encoders|_classifierInput|n_175.modelParams|spParams|synPermInactiveDec_0.0766797032493,  4391,  None,  2.73675061843,  0.0296418996711,  10,  13,  2,  None,  153,  175,  0.0766797032493,  9.78046781068,  28.0216937435, 
1001,  1447,  completed,  eof,  2016-02-17 08:12:22,  2016-02-17 08:13:16,  54,  modelParams|sensorParams|encoders|timestamp_timeOfDay:radius_2.52599712315.modelParams|clParams|alpha_0.1.modelParams|tpParams|minThreshold_12.modelParams|tpParams|activationThreshold_16.modelParams|tpParams|pamLength_4.modelParams|sensorParams|encoders|timestamp_dayOfWeek:radius_6.modelParams|sensorParams|encoders|_classifierInput|n_503.modelParams|spParams|synPermInactiveDec_0.0003,  4391,  None,  2.52599712315,  0.1,  12,  16,  4,  6,  None,  503,  0.0003,  6.92938903836,  19.8531625706, 
1001,  1448,  completed,  eof,  2016-02-17 08:12:27,  2016-02-17 08:13:05,  38,  modelParams|sensorParams|encoders|timestamp_timeOfDay:radius_2.6203125.modelParams|clParams|alpha_0.0245876391508.modelParams|tpParams|minThreshold_10.modelParams|tpParams|activationThreshold_13.modelParams|tpParams|pamLength_3.modelParams|sensorParams|encoders|kw_energy_consumption:n_116.modelParams|sensorParams|encoders|_classifierInput|n_149.modelParams|spParams|synPermInactiveDec_0.0818600392937,  4391,  None,  2.6203125,  0.0245876391508,  10,  13,  3,  None,  116,  149,  0.0818600392937,  9.93038072321,  28.4512042541, 
1001,  1449,  completed,  eof,  2016-02-17 08:12:29,  2016-02-17 08:13:20,  51,  modelParams|sensorParams|encoders|timestamp_timeOfDay:radius_2.52599712315.modelParams|clParams|alpha_0.1.modelParams|tpParams|minThreshold_12.modelParams|tpParams|activationThreshold_16.modelParams|tpParams|pamLength_5.modelParams|sensorParams|encoders|timestamp_dayOfWeek:radius_6.modelParams|sensorParams|encoders|_classifierInput|n_521.modelParams|spParams|synPermInactiveDec_0.0003,  4391,  None,  2.52599712315,  0.1,  12,  16,  5,  6,  None,  521,  0.0003,  6.83395313934,  19.5797323436, 
1001,  1450,  completed,  eof,  2016-02-17 08:12:55,  2016-02-17 08:13:33,  38,  modelParams|sensorParams|encoders|timestamp_timeOfDay:radius_2.65825426023.modelParams|clParams|alpha_0.0262163867322.modelParams|tpParams|minThreshold_10.modelParams|tpParams|activationThreshold_13.modelParams|tpParams|pamLength_3.modelParams|sensorParams|encoders|kw_energy_consumption:n_121.modelParams|sensorParams|encoders|_classifierInput|n_151.modelParams|spParams|synPermInactiveDec_0.0812261865599,  4391,  None,  2.65825426023,  0.0262163867322,  10,  13,  3,  None,  121,  151,  0.0812261865599,  9.34957334526,  26.7871523105, 
1001,  1451,  completed,  eof,  2016-02-17 08:12:55,  2016-02-17 08:13:47,  52,  modelParams|sensorParams|encoders|timestamp_timeOfDay:radius_2.47476485197.modelParams|clParams|alpha_0.1.modelParams|tpParams|minThreshold_12.modelParams|tpParams|activationThreshold_16.modelParams|tpParams|pamLength_5.modelParams|sensorParams|encoders|timestamp_dayOfWeek:radius_6.modelParams|sensorParams|encoders|_classifierInput|n_521.modelParams|spParams|synPermInactiveDec_0.0003,  4391,  None,  2.47476485197,  0.1,  12,  16,  5,  6,  None,  521,  0.0003,  6.76649115245,  19.3864492438, 
1001,  1452,  completed,  eof,  2016-02-17 08:13:02,  2016-02-17 08:13:35,  33,  modelParams|sensorParams|encoders|timestamp_timeOfDay:radius_2.6203125.modelParams|clParams|alpha_0.0132565618147.modelParams|tpParams|minThreshold_9.modelParams|tpParams|activationThreshold_13.modelParams|tpParams|pamLength_2.modelParams|sensorParams|encoders|kw_energy_consumption:n_53.modelParams|sensorParams|encoders|_classifierInput|n_95.modelParams|spParams|synPermInactiveDec_0.094888916404,  4391,  None,  2.6203125,  0.0132565618147,  9,  13,  2,  None,  53,  95,  0.094888916404,  8.54000799038,  24.467693479, 
1001,  1453,  completed,  eof,  2016-02-17 08:13:05,  2016-02-17 08:13:43,  38,  modelParams|sensorParams|encoders|timestamp_timeOfDay:radius_2.47476485197.modelParams|clParams|alpha_0.1.modelParams|tpParams|minThreshold_12.modelParams|tpParams|activationThreshold_16.modelParams|tpParams|pamLength_5.modelParams|sensorParams|encoders|timestamp_dayOfWeek:radius_5.6875.modelParams|sensorParams|encoders|_classifierInput|n_521.modelParams|spParams|synPermInactiveDec_0.0117342134617,  4391,  None,  2.47476485197,  0.1,  12,  16,  5,  5.6875,  None,  521,  0.0117342134617,  6.6669043943,  19.101126528, 
1001,  1454,  completed,  eof,  2016-02-17 08:13:16,  2016-02-17 08:13:46,  30,  modelParams|sensorParams|encoders|timestamp_timeOfDay:radius_2.6203125.modelParams|clParams|alpha_0.0116137856193.modelParams|tpParams|minThreshold_10.modelParams|tpParams|activationThreshold_12.modelParams|tpParams|pamLength_2.modelParams|sensorParams|encoders|kw_energy_consumption:n_22.modelParams|sensorParams|encoders|_classifierInput|n_70.modelParams|spParams|synPermInactiveDec_0.0989108549592,  4391,  None,  2.6203125,  0.0116137856193,  10,  12,  2,  None,  22,  70,  0.0989108549592,  9.74478526939,  27.9194608786, 
1001,  1455,  completed,  eof,  2016-02-17 08:13:20,  2016-02-17 08:14:17,  57,  modelParams|sensorParams|encoders|timestamp_timeOfDay:radius_2.40990049828.modelParams|clParams|alpha_0.1.modelParams|tpParams|minThreshold_12.modelParams|tpParams|activationThreshold_16.modelParams|tpParams|pamLength_5.modelParams|sensorParams|encoders|timestamp_dayOfWeek:radius_6.modelParams|sensorParams|encoders|_classifierInput|n_521.modelParams|spParams|synPermInactiveDec_0.0003,  4391,  None,  2.40990049828,  0.1,  12,  16,  5,  6,  None,  521,  0.0003,  7.88846652924,  22.6009836612, 
1001,  1456,  completed,  eof,  2016-02-17 08:13:34,  2016-02-17 08:14:10,  36,  modelParams|sensorParams|encoders|timestamp_timeOfDay:radius_2.69329338519.modelParams|clParams|alpha_0.0202448697291.modelParams|tpParams|minThreshold_9.modelParams|tpParams|activationThreshold_13.modelParams|tpParams|pamLength_3.modelParams|sensorParams|encoders|kw_energy_consumption:n_86.modelParams|sensorParams|encoders|_classifierInput|n_123.modelParams|spParams|synPermInactiveDec_0.0866940926488,  4391,  None,  2.69329338519,  0.0202448697291,  9,  13,  3,  None,  86,  123,  0.0866940926488,  8.96717519425,  25.6915560586, 
1001,  1457,  completed,  eof,  2016-02-17 08:13:35,  2016-02-17 08:14:13,  38,  modelParams|sensorParams|encoders|timestamp_timeOfDay:radius_2.50462391769.modelParams|clParams|alpha_0.1.modelParams|tpParams|minThreshold_12.modelParams|tpParams|activationThreshold_15.modelParams|tpParams|pamLength_5.modelParams|sensorParams|encoders|timestamp_dayOfWeek:radius_5.9216741767.modelParams|sensorParams|encoders|_classifierInput|n_515.modelParams|spParams|synPermInactiveDec_0.00758297687065,  4391,  None,  2.50462391769,  0.1,  12,  15,  5,  5.9216741767,  None,  515,  0.00758297687065,  6.75531141405,  19.3544185463, 
1001,  1458,  completed,  eof,  2016-02-17 08:13:43,  2016-02-17 08:14:17,  34,  modelParams|sensorParams|encoders|timestamp_timeOfDay:radius_2.62081356506.modelParams|clParams|alpha_0.0149496172591.modelParams|tpParams|minThreshold_9.modelParams|tpParams|activationThreshold_13.modelParams|tpParams|pamLength_2.modelParams|sensorParams|encoders|kw_energy_consumption:n_55.modelParams|sensorParams|encoders|_classifierInput|n_107.modelParams|spParams|synPermInactiveDec_0.0953950209964,  4391,  None,  2.62081356506,  0.0149496172591,  9,  13,  2,  None,  55,  107,  0.0953950209964,  8.41428180911,  24.1074795695, 
1001,  1459,  completed,  killed,  2016-02-17 08:13:46,  2016-02-17 08:14:17,  31,  modelParams|sensorParams|encoders|timestamp_timeOfDay:radius_2.50462391769.modelParams|clParams|alpha_0.1.modelParams|tpParams|minThreshold_12.modelParams|tpParams|activationThreshold_16.modelParams|tpParams|pamLength_5.modelParams|sensorParams|encoders|timestamp_dayOfWeek:radius_5.85904029449.modelParams|sensorParams|encoders|_classifierInput|n_521.modelParams|spParams|synPermInactiveDec_0.00803909814214,  3350,  None,  2.50462391769,  0.1,  12,  16,  5,  5.85904029449,  None,  521,  0.00803909814214,  6.98177169011,  20.8985649805, 
1001,  1460,  completed,  eof,  2016-02-17 08:13:47,  2016-02-17 08:14:21,  34,  modelParams|sensorParams|encoders|timestamp_timeOfDay:radius_2.62802233627.modelParams|clParams|alpha_0.0137280146468.modelParams|tpParams|minThreshold_9.modelParams|tpParams|activationThreshold_13.modelParams|tpParams|pamLength_2.modelParams|sensorParams|encoders|kw_energy_consumption:n_53.modelParams|sensorParams|encoders|_classifierInput|n_108.modelParams|spParams|synPermInactiveDec_0.0979185723673,  4391,  None,  2.62802233627,  0.0137280146468,  9,  13,  2,  None,  53,  108,  0.0979185723673,  8.85453595023,  25.3688370987, 
1001,  1461,  completed,  killed,  2016-02-17 08:14:10,  2016-02-17 08:14:17,  7,  modelParams|sensorParams|encoders|timestamp_timeOfDay:radius_2.51119146839.modelParams|clParams|alpha_0.1.modelParams|tpParams|minThreshold_12.modelParams|tpParams|activationThreshold_16.modelParams|tpParams|pamLength_5.modelParams|sensorParams|encoders|timestamp_dayOfWeek:radius_6.modelParams|sensorParams|encoders|_classifierInput|n_521.modelParams|spParams|synPermInactiveDec_0.00429637462791,  500,  None,  2.51119146839,  0.1,  12,  16,  5,  6,  None,  521,  0.00429637462791,  10.112671391,  35.7188814195, 
1001,  1462,  completed,  eof,  2016-02-17 08:14:13,  2016-02-17 08:14:46,  33,  modelParams|sensorParams|encoders|timestamp_timeOfDay:radius_2.611328125.modelParams|clParams|alpha_0.0101681399055.modelParams|tpParams|minThreshold_9.modelParams|tpParams|activationThreshold_13.modelParams|tpParams|pamLength_2.modelParams|sensorParams|encoders|kw_energy_consumption:n_36.modelParams|sensorParams|encoders|_classifierInput|n_80.modelParams|spParams|synPermInactiveDec_0.0983721122242,  4391,  None,  2.611328125,  0.0101681399055,  9,  13,  2,  None,  36,  80,  0.0983721122242,  8.9242611253,  25.5686043838, 
1001,  1463,  completed,  eof,  2016-02-17 08:14:17,  2016-02-17 08:14:56,  39,  modelParams|sensorParams|encoders|timestamp_timeOfDay:radius_2.5283601557.modelParams|clParams|alpha_0.1.modelParams|tpParams|minThreshold_12.modelParams|tpParams|activationThreshold_16.modelParams|tpParams|pamLength_5.modelParams|sensorParams|encoders|timestamp_dayOfWeek:radius_5.74837536955.modelParams|sensorParams|encoders|_classifierInput|n_521.modelParams|spParams|synPermInactiveDec_0.00937198491762,  4391,  None,  2.5283601557,  0.1,  12,  16,  5,  5.74837536955,  None,  521,  0.00937198491762,  6.88722224076,  19.7323518782, 
1001,  1464,  completed,  eof,  2016-02-17 08:14:17,  2016-02-17 08:14:50,  33,  modelParams|sensorParams|encoders|timestamp_timeOfDay:radius_2.61173398985.modelParams|clParams|alpha_0.00789239116862.modelParams|tpParams|minThreshold_9.modelParams|tpParams|activationThreshold_13.modelParams|tpParams|pamLength_2.modelParams|sensorParams|encoders|kw_energy_consumption:n_31.modelParams|sensorParams|encoders|_classifierInput|n_78.modelParams|spParams|synPermInactiveDec_0.1,  4391,  None,  2.61173398985,  0.00789239116862,  9,  13,  2,  None,  31,  78,  0.1,  8.970660672,  25.7015421853, 
1001,  1465,  completed,  eof,  2016-02-17 08:14:17,  2016-02-17 08:14:50,  33,  modelParams|sensorParams|encoders|timestamp_timeOfDay:radius_2.62372011076.modelParams|clParams|alpha_0.0131866273826.modelParams|tpParams|minThreshold_9.modelParams|tpParams|activationThreshold_13.modelParams|tpParams|pamLength_2.modelParams|sensorParams|encoders|kw_energy_consumption:n_38.modelParams|sensorParams|encoders|_classifierInput|n_96.modelParams|spParams|synPermInactiveDec_0.0980550313873,  4391,  None,  2.62372011076,  0.0131866273826,  9,  13,  2,  None,  38,  96,  0.0980550313873,  8.49746407907,  24.3458023307, 
1001,  1466,  completed,  eof,  2016-02-17 08:14:17,  2016-02-17 08:14:51,  34,  modelParams|sensorParams|encoders|timestamp_timeOfDay:radius_2.62093883132.modelParams|clParams|alpha_0.0125401117862.modelParams|tpParams|minThreshold_9.modelParams|tpParams|activationThreshold_13.modelParams|tpParams|pamLength_2.modelParams|sensorParams|encoders|kw_energy_consumption:n_40.modelParams|sensorParams|encoders|_classifierInput|n_96.modelParams|spParams|synPermInactiveDec_0.0987787664221,  4391,  None,  2.62093883132,  0.0125401117862,  9,  13,  2,  None,  40,  96,  0.0987787664221,  8.65018376838,  24.7833544442, 
1001,  1467,  completed,  eof,  2016-02-17 08:14:21,  2016-02-17 08:14:54,  33,  modelParams|sensorParams|encoders|timestamp_timeOfDay:radius_2.61462521959.modelParams|clParams|alpha_0.0116922736436.modelParams|tpParams|minThreshold_9.modelParams|tpParams|activationThreshold_13.modelParams|tpParams|pamLength_2.modelParams|sensorParams|encoders|kw_energy_consumption:n_38.modelParams|sensorParams|encoders|_classifierInput|n_96.modelParams|spParams|synPermInactiveDec_0.0995227525943,  4391,  None,  2.61462521959,  0.0116922736436,  9,  13,  2,  None,  38,  96,  0.0995227525943,  8.64128618912,  24.7578622852, 
1001,  1468,  completed,  eof,  2016-02-17 08:14:46,  2016-02-17 08:15:20,  34,  modelParams|sensorParams|encoders|timestamp_timeOfDay:radius_2.61913663852.modelParams|clParams|alpha_0.014350752186.modelParams|tpParams|minThreshold_9.modelParams|tpParams|activationThreshold_13.modelParams|tpParams|pamLength_2.modelParams|sensorParams|encoders|kw_energy_consumption:n_55.modelParams|sensorParams|encoders|_classifierInput|n_103.modelParams|spParams|synPermInactiveDec_0.0952892953566,  4391,  None,  2.61913663852,  0.014350752186,  9,  13,  2,  None,  55,  103,  0.0952892953566,  8.1931335791,  23.4738751149, 
1001,  1469,  completed,  eof,  2016-02-17 08:14:50,  2016-02-17 08:15:23,  33,  modelParams|sensorParams|encoders|timestamp_timeOfDay:radius_2.60397247763.modelParams|clParams|alpha_0.0129898660059.modelParams|tpParams|minThreshold_9.modelParams|tpParams|activationThreshold_13.modelParams|tpParams|pamLength_2.modelParams|sensorParams|encoders|kw_energy_consumption:n_43.modelParams|sensorParams|encoders|_classifierInput|n_99.modelParams|spParams|synPermInactiveDec_0.0981874377589,  4391,  None,  2.60397247763,  0.0129898660059,  9,  13,  2,  None,  43,  99,  0.0981874377589,  8.86457793358,  25.3976080519, 
1001,  1470,  completed,  eof,  2016-02-17 08:14:50,  2016-02-17 08:15:23,  33,  modelParams|sensorParams|encoders|timestamp_timeOfDay:radius_2.60307820189.modelParams|clParams|alpha_0.0119985037071.modelParams|tpParams|minThreshold_9.modelParams|tpParams|activationThreshold_13.modelParams|tpParams|pamLength_2.modelParams|sensorParams|encoders|kw_energy_consumption:n_35.modelParams|sensorParams|encoders|_classifierInput|n_91.modelParams|spParams|synPermInactiveDec_0.0973019995671,  4391,  None,  2.60307820189,  0.0119985037071,  9,  13,  2,  None,  35,  91,  0.0973019995671,  8.72900977989,  25.0091962338, 
1001,  1471,  completed,  eof,  2016-02-17 08:14:51,  2016-02-17 08:15:26,  35,  modelParams|sensorParams|encoders|timestamp_timeOfDay:radius_2.61694385729.modelParams|clParams|alpha_0.0132379228863.modelParams|tpParams|minThreshold_9.modelParams|tpParams|activationThreshold_13.modelParams|tpParams|pamLength_2.modelParams|sensorParams|encoders|kw_energy_consumption:n_57.modelParams|sensorParams|encoders|_classifierInput|n_105.modelParams|spParams|synPermInactiveDec_0.0961347709521,  4391,  None,  2.61694385729,  0.0132379228863,  9,  13,  2,  None,  57,  105,  0.0961347709521,  8.60673900099,  24.658882283, 
1001,  1472,  completed,  eof,  2016-02-17 08:14:54,  2016-02-17 08:15:28,  34,  modelParams|sensorParams|encoders|timestamp_timeOfDay:radius_2.62083561856.modelParams|clParams|alpha_0.0146286403537.modelParams|tpParams|minThreshold_9.modelParams|tpParams|activationThreshold_13.modelParams|tpParams|pamLength_2.modelParams|sensorParams|encoders|kw_energy_consumption:n_55.modelParams|sensorParams|encoders|_classifierInput|n_105.modelParams|spParams|synPermInactiveDec_0.0952834757066,  4391,  None,  2.62083561856,  0.0146286403537,  9,  13,  2,  None,  55,  105,  0.0952834757066,  8.43855584984,  24.1770263181, 
1001,  1473,  completed,  eof,  2016-02-17 08:14:56,  2016-02-17 08:15:31,  35,  modelParams|sensorParams|encoders|timestamp_timeOfDay:radius_2.61628852687.modelParams|clParams|alpha_0.0140800429144.modelParams|tpParams|minThreshold_9.modelParams|tpParams|activationThreshold_13.modelParams|tpParams|pamLength_2.modelParams|sensorParams|encoders|kw_energy_consumption:n_51.modelParams|sensorParams|encoders|_classifierInput|n_103.modelParams|spParams|synPermInactiveDec_0.0957218635053,  4391,  None,  2.61628852687,  0.0140800429144,  9,  13,  2,  None,  51,  103,  0.0957218635053,  8.98291748091,  25.7366587617, 
1001,  1474,  completed,  eof,  2016-02-17 08:15:20,  2016-02-17 08:15:54,  34,  modelParams|sensorParams|encoders|timestamp_timeOfDay:radius_2.6210887669.modelParams|clParams|alpha_0.0153964052561.modelParams|tpParams|minThreshold_9.modelParams|tpParams|activationThreshold_13.modelParams|tpParams|pamLength_2.modelParams|sensorParams|encoders|kw_energy_consumption:n_59.modelParams|sensorParams|encoders|_classifierInput|n_109.modelParams|spParams|synPermInactiveDec_0.0945185911397,  4391,  None,  2.6210887669,  0.0153964052561,  9,  13,  2,  None,  59,  109,  0.0945185911397,  8.27130049017,  23.6978285377, 
1001,  1475,  completed,  eof,  2016-02-17 08:15:23,  2016-02-17 08:15:57,  34,  modelParams|sensorParams|encoders|timestamp_timeOfDay:radius_2.61653084811.modelParams|clParams|alpha_0.0141956541594.modelParams|tpParams|minThreshold_9.modelParams|tpParams|activationThreshold_13.modelParams|tpParams|pamLength_2.modelParams|sensorParams|encoders|kw_energy_consumption:n_55.modelParams|sensorParams|encoders|_classifierInput|n_102.modelParams|spParams|synPermInactiveDec_0.0952352120669,  4391,  None,  2.61653084811,  0.0141956541594,  9,  13,  2,  None,  55,  102,  0.0952352120669,  8.75985998009,  25.0975841186, 
1001,  1476,  completed,  eof,  2016-02-17 08:15:23,  2016-02-17 08:15:59,  36,  modelParams|sensorParams|encoders|timestamp_timeOfDay:radius_2.61319885022.modelParams|clParams|alpha_0.0141668788538.modelParams|tpParams|minThreshold_9.modelParams|tpParams|activationThreshold_13.modelParams|tpParams|pamLength_1.modelParams|sensorParams|encoders|kw_energy_consumption:n_55.modelParams|sensorParams|encoders|_classifierInput|n_100.modelParams|spParams|synPermInactiveDec_0.0946979255369,  4391,  None,  2.61319885022,  0.0141668788538,  9,  13,  1,  None,  55,  100,  0.0946979255369,  8.98896880734,  25.7539962162, 
1001,  1477,  completed,  eof,  2016-02-17 08:15:26,  2016-02-17 08:16:00,  34,  modelParams|sensorParams|encoders|timestamp_timeOfDay:radius_2.62002248638.modelParams|clParams|alpha_0.0155639274353.modelParams|tpParams|minThreshold_9.modelParams|tpParams|activationThreshold_13.modelParams|tpParams|pamLength_2.modelParams|sensorParams|encoders|kw_energy_consumption:n_61.modelParams|sensorParams|encoders|_classifierInput|n_110.modelParams|spParams|synPermInactiveDec_0.0943077893246,  4391,  None,  2.62002248638,  0.0155639274353,  9,  13,  2,  None,  61,  110,  0.0943077893246,  8.22075417305,  23.553009962, 
1001,  1478,  completed,  killed,  2016-02-17 08:15:28,  2016-02-17 08:16:00,  32,  modelParams|sensorParams|encoders|timestamp_timeOfDay:radius_2.61942781337.modelParams|clParams|alpha_0.0149766740992.modelParams|tpParams|minThreshold_9.modelParams|tpParams|activationThreshold_13.modelParams|tpParams|pamLength_2.modelParams|sensorParams|encoders|kw_energy_consumption:n_59.modelParams|sensorParams|encoders|_classifierInput|n_106.modelParams|spParams|synPermInactiveDec_0.094445135508,  4100,  None,  2.61942781337,  0.0149766740992,  9,  13,  2,  None,  59,  106,  0.094445135508,  8.17857952984,  22.2969872843, 
1001,  1479,  completed,  killed,  2016-02-17 08:15:31,  2016-02-17 08:16:00,  29,  modelParams|sensorParams|encoders|timestamp_timeOfDay:radius_2.6185723186.modelParams|clParams|alpha_0.0143744982263.modelParams|tpParams|minThreshold_9.modelParams|tpParams|activationThreshold_13.modelParams|tpParams|pamLength_2.modelParams|sensorParams|encoders|kw_energy_consumption:n_55.modelParams|sensorParams|encoders|_classifierInput|n_103.modelParams|spParams|synPermInactiveDec_0.0953384886678,  3800,  None,  2.6185723186,  0.0143744982263,  9,  13,  2,  None,  55,  103,  0.0953384886678,  7.86289289873,  22.8001139549, 
1001,  1480,  completed,  killed,  2016-02-17 08:15:54,  2016-02-17 08:16:00,  6,  modelParams|sensorParams|encoders|timestamp_timeOfDay:radius_2.61948031661.modelParams|clParams|alpha_0.014490046531.modelParams|tpParams|minThreshold_9.modelParams|tpParams|activationThreshold_13.modelParams|tpParams|pamLength_2.modelParams|sensorParams|encoders|kw_energy_consumption:n_55.modelParams|sensorParams|encoders|_classifierInput|n_104.modelParams|spParams|synPermInactiveDec_0.0953147016489,  750,  None,  2.61948031661,  0.014490046531,  9,  13,  2,  None,  55,  104,  0.0953147016489,  7.44133594096,  26.763362493, 
1001,  1481,  completed,  killed,  2016-02-17 08:15:57,  2016-02-17 08:16:00,  3,  modelParams|sensorParams|encoders|timestamp_timeOfDay:radius_2.62367869542.modelParams|clParams|alpha_0.014405470887.modelParams|tpParams|minThreshold_9.modelParams|tpParams|activationThreshold_13.modelParams|tpParams|pamLength_2.modelParams|sensorParams|encoders|kw_energy_consumption:n_54.modelParams|sensorParams|encoders|_classifierInput|n_103.modelParams|spParams|synPermInactiveDec_0.0952994307003,  300,  None,  2.62367869542,  0.014405470887,  9,  13,  2,  None,  54,  103,  0.0952994307003,  10.441953267,  37.8001054478, 
1001,  1482,  completed,  killed,  2016-02-17 08:15:59,  2016-02-17 08:16:00,  1,  modelParams|sensorParams|encoders|timestamp_timeOfDay:radius_2.63937665853.modelParams|clParams|alpha_0.0159127060789.modelParams|tpParams|minThreshold_9.modelParams|tpParams|activationThreshold_13.modelParams|tpParams|pamLength_2.modelParams|sensorParams|encoders|kw_energy_consumption:n_69.modelParams|sensorParams|encoders|_classifierInput|n_108.modelParams|spParams|synPermInactiveDec_0.0916091485854,  50,  None,  2.63937665853,  0.0159127060789,  9,  13,  2,  None,  69,  108,  0.0916091485854,  16.3386943,  62.1361258794, 
1001,  1483,  completed,  eof,  2016-02-17 08:16:00,  2016-02-17 08:16:56,  56,  modelParams|sensorParams|encoders|timestamp_timeOfDay:radius_2.8.modelParams|clParams|alpha_0.05005.modelParams|tpParams|minThreshold_11.modelParams|tpParams|activationThreshold_14.modelParams|tpParams|pamLength_3.modelParams|sensorParams|encoders|timestamp_dayOfWeek:radius_3.5.modelParams|sensorParams|encoders|kw_energy_consumption:n_272.modelParams|sensorParams|encoders|_classifierInput|n_275.modelParams|spParams|synPermInactiveDec_0.05015,  4391,  None,  2.8,  0.05005,  11,  14,  3,  3.5,  272,  275,  0.05015,  9.95791204981,  28.5300833443, 
1001,  1504,  completed,  eof,  2016-02-17 08:16:00,  2016-02-17 08:16:40,  40,  modelParams|sensorParams|encoders|timestamp_timeOfDay:radius_2.8.modelParams|clParams|alpha_0.0001.modelParams|tpParams|minThreshold_9.modelParams|tpParams|activationThreshold_12.modelParams|tpParams|pamLength_1.modelParams|sensorParams|encoders|timestamp_dayOfWeek:radius_1.0.modelParams|sensorParams|encoders|kw_energy_consumption:n_22.modelParams|sensorParams|encoders|_classifierInput|n_28.modelParams|spParams|synPermInactiveDec_0.1,  4391,  None,  2.8,  0.0001,  9,  12,  1,  1.0,  22,  28,  0.1,  11.694859813,  33.5065547372, 
1001,  1505,  completed,  eof,  2016-02-17 08:16:00,  2016-02-17 08:16:40,  40,  modelParams|sensorParams|encoders|timestamp_timeOfDay:radius_2.8.modelParams|clParams|alpha_0.0001.modelParams|tpParams|minThreshold_9.modelParams|tpParams|activationThreshold_12.modelParams|tpParams|pamLength_1.modelParams|sensorParams|encoders|timestamp_dayOfWeek:radius_1.0.modelParams|sensorParams|encoders|kw_energy_consumption:n_22.modelParams|sensorParams|encoders|_classifierInput|n_28.modelParams|spParams|synPermInactiveDec_0.1,  4391,  None,  2.8,  0.0001,  9,  12,  1,  1.0,  22,  28,  0.1,  11.694859813,  33.5065547372, 
1001,  1516,  completed,  eof,  2016-02-17 08:16:00,  2016-02-17 08:17:34,  94,  modelParams|sensorParams|encoders|timestamp_timeOfDay:radius_3.95.modelParams|clParams|alpha_0.1.modelParams|tpParams|minThreshold_12.modelParams|tpParams|activationThreshold_16.modelParams|tpParams|pamLength_5.modelParams|sensorParams|encoders|timestamp_dayOfWeek:radius_6.0.modelParams|sensorParams|encoders|kw_energy_consumption:n_521.modelParams|sensorParams|encoders|_classifierInput|n_521.modelParams|spParams|synPermInactiveDec_0.0003,  4391,  None,  3.95,  0.1,  12,  16,  5,  6.0,  521,  521,  0.0003,  14.9814441702,  42.9228385082, 
1001,  1537,  completed,  eof,  2016-02-17 08:16:00,  2016-02-17 08:17:00,  60,  modelParams|sensorParams|encoders|timestamp_timeOfDay:radius_2.8.modelParams|clParams|alpha_0.075025.modelParams|tpParams|minThreshold_10.modelParams|tpParams|activationThreshold_15.modelParams|tpParams|pamLength_4.modelParams|sensorParams|encoders|timestamp_dayOfWeek:radius_4.75.modelParams|sensorParams|encoders|kw_energy_consumption:n_396.modelParams|sensorParams|encoders|_classifierInput|n_398.modelParams|spParams|synPermInactiveDec_0.025225,  4391,  None,  2.8,  0.075025,  10,  15,  4,  4.75,  396,  398,  0.025225,  10.4003923467,  29.7978189585, 
1001,  1548,  completed,  eof,  2016-02-17 08:16:40,  2016-02-17 08:17:20,  40,  modelParams|sensorParams|encoders|timestamp_timeOfDay:radius_2.65625.modelParams|clParams|alpha_0.005095.modelParams|tpParams|minThreshold_9.modelParams|tpParams|activationThreshold_12.modelParams|tpParams|pamLength_1.modelParams|sensorParams|encoders|timestamp_dayOfWeek:radius_1.modelParams|sensorParams|encoders|kw_energy_consumption:n_22.modelParams|sensorParams|encoders|_classifierInput|n_53.modelParams|spParams|synPermInactiveDec_0.1,  4391,  None,  2.65625,  0.005095,  9,  12,  1,  1,  22,  53,  0.1,  7.51797594154,  21.5395033737, 
1001,  1549,  completed,  eof,  2016-02-17 08:16:40,  2016-02-17 08:17:18,  38,  modelParams|sensorParams|encoders|timestamp_timeOfDay:radius_2.5963842415.modelParams|clParams|alpha_0.00579511077252.modelParams|tpParams|minThreshold_9.modelParams|tpParams|activationThreshold_13.modelParams|tpParams|pamLength_2.modelParams|sensorParams|encoders|timestamp_dayOfWeek:radius_1.375.modelParams|sensorParams|encoders|kw_energy_consumption:n_59.modelParams|sensorParams|encoders|_classifierInput|n_54.modelParams|spParams|synPermInactiveDec_0.0925225,  4391,  None,  2.5963842415,  0.00579511077252,  9,  13,  2,  1.375,  59,  54,  0.0925225,  7.92034429004,  22.6923155758, 
1001,  1550,  completed,  eof,  2016-02-17 08:16:56,  2016-02-17 08:17:54,  58,  modelParams|sensorParams|encoders|timestamp_timeOfDay:radius_2.65625.modelParams|clParams|alpha_0.055045.modelParams|tpParams|minThreshold_11.modelParams|tpParams|activationThreshold_14.modelParams|tpParams|pamLength_3.modelParams|sensorParams|encoders|timestamp_dayOfWeek:radius_3.75.modelParams|sensorParams|encoders|kw_energy_consumption:n_296.modelParams|sensorParams|encoders|_classifierInput|n_299.modelParams|spParams|synPermInactiveDec_0.055135,  4391,  None,  2.65625,  0.055045,  11,  14,  3,  3.75,  296,  299,  0.055135,  9.60844395675,  27.5288339085, 
1001,  1551,  completed,  eof,  2016-02-17 08:17:00,  2016-02-17 08:17:58,  58,  modelParams|sensorParams|encoders|timestamp_timeOfDay:radius_2.65625.modelParams|clParams|alpha_0.0478201247259.modelParams|tpParams|minThreshold_11.modelParams|tpParams|activationThreshold_14.modelParams|tpParams|pamLength_3.modelParams|sensorParams|encoders|timestamp_dayOfWeek:radius_3.74732235595.modelParams|sensorParams|encoders|kw_energy_consumption:n_262.modelParams|sensorParams|encoders|_classifierInput|n_297.modelParams|spParams|synPermInactiveDec_0.0560249788682,  4391,  None,  2.65625,  0.0478201247259,  11,  14,  3,  3.74732235595,  262,  297,  0.0560249788682,  9.86043586325,  28.250807557, 
1001,  1552,  completed,  eof,  2016-02-17 08:17:18,  2016-02-17 08:17:58,  40,  modelParams|sensorParams|encoders|timestamp_timeOfDay:radius_2.58141780187.modelParams|clParams|alpha_0.00597013846565.modelParams|tpParams|minThreshold_9.modelParams|tpParams|activationThreshold_13.modelParams|tpParams|pamLength_2.modelParams|sensorParams|encoders|timestamp_dayOfWeek:radius_1.46875.modelParams|sensorParams|encoders|kw_energy_consumption:n_69.modelParams|sensorParams|encoders|_classifierInput|n_54.modelParams|spParams|synPermInactiveDec_0.090653125,  4391,  None,  2.58141780187,  0.00597013846565,  9,  13,  2,  1.46875,  69,  54,  0.090653125,  8.15631316333,  23.3683821636, 
1001,  1553,  completed,  eof,  2016-02-17 08:17:19,  2016-02-17 08:18:01,  42,  modelParams|sensorParams|encoders|timestamp_timeOfDay:radius_2.65625.modelParams|clParams|alpha_0.005095.modelParams|tpParams|minThreshold_9.modelParams|tpParams|activationThreshold_12.modelParams|tpParams|pamLength_1.modelParams|sensorParams|encoders|timestamp_dayOfWeek:radius_1.modelParams|sensorParams|encoders|kw_energy_consumption:n_22.modelParams|sensorParams|encoders|_classifierInput|n_53.modelParams|spParams|synPermInactiveDec_0.1,  4391,  None,  2.65625,  0.005095,  9,  12,  1,  1,  22,  53,  0.1,  7.51797594154,  21.5395033737, 
1001,  1554,  completed,  eof,  2016-02-17 08:17:20,  2016-02-17 08:18:03,  43,  modelParams|sensorParams|encoders|timestamp_timeOfDay:radius_2.6203125.modelParams|clParams|alpha_0.00634375.modelParams|tpParams|minThreshold_9.modelParams|tpParams|activationThreshold_12.modelParams|tpParams|pamLength_1.modelParams|sensorParams|encoders|timestamp_dayOfWeek:radius_1.modelParams|sensorParams|encoders|kw_energy_consumption:n_22.modelParams|sensorParams|encoders|_classifierInput|n_59.modelParams|spParams|synPermInactiveDec_0.1,  4391,  None,  2.6203125,  0.00634375,  9,  12,  1,  1,  22,  59,  0.1,  7.33362994887,  21.011339788, 
1001,  1555,  completed,  eof,  2016-02-17 08:17:34,  2016-02-17 08:18:11,  37,  modelParams|sensorParams|encoders|timestamp_timeOfDay:radius_3.04580693417.modelParams|clParams|alpha_0.0205974739584.modelParams|tpParams|minThreshold_9.modelParams|tpParams|activationThreshold_13.modelParams|tpParams|pamLength_2.modelParams|sensorParams|encoders|timestamp_dayOfWeek:radius_1.23928942379.modelParams|sensorParams|encoders|kw_energy_consumption:n_57.modelParams|sensorParams|encoders|_classifierInput|n_28.modelParams|spParams|synPermInactiveDec_0.1,  4391,  None,  3.04580693417,  0.0205974739584,  9,  13,  2,  1.23928942379,  57,  28,  0.1,  8.57170602369,  24.5585104623, 
1001,  1556,  completed,  eof,  2016-02-17 08:17:54,  2016-02-17 08:18:34,  40,  modelParams|sensorParams|encoders|timestamp_timeOfDay:radius_2.6203125.modelParams|clParams|alpha_0.0118739994518.modelParams|tpParams|minThreshold_9.modelParams|tpParams|activationThreshold_13.modelParams|tpParams|pamLength_2.modelParams|sensorParams|encoders|timestamp_dayOfWeek:radius_1.05660918309.modelParams|sensorParams|encoders|kw_energy_consumption:n_62.modelParams|sensorParams|encoders|_classifierInput|n_55.modelParams|spParams|synPermInactiveDec_0.1,  4391,  None,  2.6203125,  0.0118739994518,  9,  13,  2,  1.05660918309,  62,  55,  0.1,  8.65902422176,  24.8086829338, 
1001,  1557,  completed,  eof,  2016-02-17 08:17:58,  2016-02-17 08:18:37,  39,  modelParams|sensorParams|encoders|timestamp_timeOfDay:radius_2.6203125.modelParams|clParams|alpha_0.00302412347563.modelParams|tpParams|minThreshold_9.modelParams|tpParams|activationThreshold_13.modelParams|tpParams|pamLength_1.modelParams|sensorParams|encoders|timestamp_dayOfWeek:radius_1.modelParams|sensorParams|encoders|kw_energy_consumption:n_22.modelParams|sensorParams|encoders|_classifierInput|n_28.modelParams|spParams|synPermInactiveDec_0.1,  4391,  None,  2.6203125,  0.00302412347563,  9,  13,  1,  1,  22,  28,  0.1,  7.4553452724,  21.3600623221, 
1001,  1558,  completed,  eof,  2016-02-17 08:17:58,  2016-02-17 08:18:39,  41,  modelParams|sensorParams|encoders|timestamp_timeOfDay:radius_2.64224087657.modelParams|clParams|alpha_0.00519582918191.modelParams|tpParams|minThreshold_9.modelParams|tpParams|activationThreshold_12.modelParams|tpParams|pamLength_1.modelParams|sensorParams|encoders|timestamp_dayOfWeek:radius_1.00163365247.modelParams|sensorParams|encoders|kw_energy_consumption:n_28.modelParams|sensorParams|encoders|_classifierInput|n_53.modelParams|spParams|synPermInactiveDec_0.1,  4391,  None,  2.64224087657,  0.00519582918191,  9,  12,  1,  1.00163365247,  28,  53,  0.1,  9.18768026419,  26.3233178167, 
1001,  1559,  completed,  eof,  2016-02-17 08:18:01,  2016-02-17 08:18:42,  41,  modelParams|sensorParams|encoders|timestamp_timeOfDay:radius_2.60500121966.modelParams|clParams|alpha_0.00317957089679.modelParams|tpParams|minThreshold_10.modelParams|tpParams|activationThreshold_12.modelParams|tpParams|pamLength_1.modelParams|sensorParams|encoders|timestamp_dayOfWeek:radius_1.09744465135.modelParams|sensorParams|encoders|kw_energy_consumption:n_22.modelParams|sensorParams|encoders|_classifierInput|n_56.modelParams|spParams|synPermInactiveDec_0.0775754931492,  4391,  None,  2.60500121966,  0.00317957089679,  10,  12,  1,  1.09744465135,  22,  56,  0.0775754931492,  7.63834036234,  21.8843554813, 
1001,  1560,  completed,  eof,  2016-02-17 08:18:03,  2016-02-17 08:18:44,  41,  modelParams|sensorParams|encoders|timestamp_timeOfDay:radius_2.59120297039.modelParams|clParams|alpha_0.00745424376371.modelParams|tpParams|minThreshold_9.modelParams|tpParams|activationThreshold_12.modelParams|tpParams|pamLength_1.modelParams|sensorParams|encoders|timestamp_dayOfWeek:radius_1.modelParams|sensorParams|encoders|kw_energy_consumption:n_22.modelParams|sensorParams|encoders|_classifierInput|n_65.modelParams|spParams|synPermInactiveDec_0.1,  4391,  None,  2.59120297039,  0.00745424376371,  9,  12,  1,  1,  22,  65,  0.1,  7.56126082186,  21.6635174478, 
1001,  1561,  completed,  eof,  2016-02-17 08:18:11,  2016-02-17 08:18:49,  38,  modelParams|sensorParams|encoders|timestamp_timeOfDay:radius_2.47510634552.modelParams|clParams|alpha_0.0001.modelParams|tpParams|minThreshold_9.modelParams|tpParams|activationThreshold_12.modelParams|tpParams|pamLength_1.modelParams|sensorParams|encoders|timestamp_dayOfWeek:radius_1.modelParams|sensorParams|encoders|kw_energy_consumption:n_22.modelParams|sensorParams|encoders|_classifierInput|n_28.modelParams|spParams|synPermInactiveDec_0.1,  4391,  None,  2.47510634552,  0.0001,  9,  12,  1,  1,  22,  28,  0.1,  8.71524338209,  24.9697545844, 
1001,  1562,  completed,  eof,  2016-02-17 08:18:34,  2016-02-17 08:19:17,  43,  modelParams|sensorParams|encoders|timestamp_timeOfDay:radius_2.611328125.modelParams|clParams|alpha_0.0066559375.modelParams|tpParams|minThreshold_9.modelParams|tpParams|activationThreshold_12.modelParams|tpParams|pamLength_1.modelParams|sensorParams|encoders|timestamp_dayOfWeek:radius_1.modelParams|sensorParams|encoders|kw_energy_consumption:n_22.modelParams|sensorParams|encoders|_classifierInput|n_60.modelParams|spParams|synPermInactiveDec_0.1,  4391,  None,  2.611328125,  0.0066559375,  9,  12,  1,  1,  22,  60,  0.1,  8.00219798207,  22.9268318724, 
1001,  1563,  completed,  eof,  2016-02-17 08:18:37,  2016-02-17 08:19:16,  39,  modelParams|sensorParams|encoders|timestamp_timeOfDay:radius_2.611328125.modelParams|clParams|alpha_0.0001.modelParams|tpParams|minThreshold_9.modelParams|tpParams|activationThreshold_12.modelParams|tpParams|pamLength_1.modelParams|sensorParams|encoders|timestamp_dayOfWeek:radius_1.modelParams|sensorParams|encoders|kw_energy_consumption:n_22.modelParams|sensorParams|encoders|_classifierInput|n_28.modelParams|spParams|synPermInactiveDec_0.1,  4391,  None,  2.611328125,  0.0001,  9,  12,  1,  1,  22,  28,  0.1,  10.5525534475,  30.2337706786, 
1001,  1564,  completed,  eof,  2016-02-17 08:18:39,  2016-02-17 08:19:23,  44,  modelParams|sensorParams|encoders|timestamp_timeOfDay:radius_2.60758651509.modelParams|clParams|alpha_0.0200294222007.modelParams|tpParams|minThreshold_9.modelParams|tpParams|activationThreshold_13.modelParams|tpParams|pamLength_2.modelParams|sensorParams|encoders|timestamp_dayOfWeek:radius_1.5.modelParams|sensorParams|encoders|kw_energy_consumption:n_84.modelParams|sensorParams|encoders|_classifierInput|n_120.modelParams|spParams|synPermInactiveDec_0.0875375,  4391,  None,  2.60758651509,  0.0200294222007,  9,  13,  2,  1.5,  84,  120,  0.0875375,  8.0750775288,  23.1356366431, 
1001,  1565,  completed,  eof,  2016-02-17 08:18:42,  2016-02-17 08:19:24,  42,  modelParams|sensorParams|encoders|timestamp_timeOfDay:radius_2.61357560252.modelParams|clParams|alpha_0.00381981854191.modelParams|tpParams|minThreshold_9.modelParams|tpParams|activationThreshold_12.modelParams|tpParams|pamLength_1.modelParams|sensorParams|encoders|timestamp_dayOfWeek:radius_1.01000012939.modelParams|sensorParams|encoders|kw_energy_consumption:n_22.modelParams|sensorParams|encoders|_classifierInput|n_59.modelParams|spParams|synPermInactiveDec_0.0951945688631,  4391,  None,  2.61357560252,  0.00381981854191,  9,  12,  1,  1.01000012939,  22,  59,  0.0951945688631,  6.95318317763,  19.9213343694, 
1001,  1566,  completed,  eof,  2016-02-17 08:18:44,  2016-02-17 08:19:26,  42,  modelParams|sensorParams|encoders|timestamp_timeOfDay:radius_2.61568874452.modelParams|clParams|alpha_0.00651977516742.modelParams|tpParams|minThreshold_9.modelParams|tpParams|activationThreshold_12.modelParams|tpParams|pamLength_1.modelParams|sensorParams|encoders|timestamp_dayOfWeek:radius_1.modelParams|sensorParams|encoders|kw_energy_consumption:n_22.modelParams|sensorParams|encoders|_classifierInput|n_59.modelParams|spParams|synPermInactiveDec_0.1,  4391,  None,  2.61568874452,  0.00651977516742,  9,  12,  1,  1,  22,  59,  0.1,  7.3142954389,  20.9559451251, 
1001,  1567,  completed,  eof,  2016-02-17 08:18:49,  2016-02-17 08:19:29,  40,  modelParams|sensorParams|encoders|timestamp_timeOfDay:radius_2.60068105093.modelParams|clParams|alpha_0.00218414314542.modelParams|tpParams|minThreshold_9.modelParams|tpParams|activationThreshold_12.modelParams|tpParams|pamLength_1.modelParams|sensorParams|encoders|timestamp_dayOfWeek:radius_1.modelParams|sensorParams|encoders|kw_energy_consumption:n_22.modelParams|sensorParams|encoders|_classifierInput|n_36.modelParams|spParams|synPermInactiveDec_0.1,  4391,  None,  2.60068105093,  0.00218414314542,  9,  12,  1,  1,  22,  36,  0.1,  9.40516967593,  26.9464395125, 
1001,  1568,  completed,  eof,  2016-02-17 08:19:16,  2016-02-17 08:19:58,  42,  modelParams|sensorParams|encoders|timestamp_timeOfDay:radius_2.62758104273.modelParams|clParams|alpha_0.00615941813556.modelParams|tpParams|minThreshold_9.modelParams|tpParams|activationThreshold_12.modelParams|tpParams|pamLength_1.modelParams|sensorParams|encoders|timestamp_dayOfWeek:radius_1.modelParams|sensorParams|encoders|kw_energy_consumption:n_22.modelParams|sensorParams|encoders|_classifierInput|n_59.modelParams|spParams|synPermInactiveDec_0.1,  4391,  None,  2.62758104273,  0.00615941813556,  9,  12,  1,  1,  22,  59,  0.1,  7.56821965769,  21.6834549774, 
1001,  1569,  completed,  eof,  2016-02-17 08:19:17,  2016-02-17 08:19:59,  42,  modelParams|sensorParams|encoders|timestamp_timeOfDay:radius_2.61873077367.modelParams|clParams|alpha_0.00638533736254.modelParams|tpParams|minThreshold_9.modelParams|tpParams|activationThreshold_12.modelParams|tpParams|pamLength_1.modelParams|sensorParams|encoders|timestamp_dayOfWeek:radius_1.modelParams|sensorParams|encoders|kw_energy_consumption:n_22.modelParams|sensorParams|encoders|_classifierInput|n_59.modelParams|spParams|synPermInactiveDec_0.1,  4391,  None,  2.61873077367,  0.00638533736254,  9,  12,  1,  1,  22,  59,  0.1,  7.32505776581,  20.9867799108, 
1001,  1570,  completed,  eof,  2016-02-17 08:19:23,  2016-02-17 08:20:05,  42,  modelParams|sensorParams|encoders|timestamp_timeOfDay:radius_2.61873077367.modelParams|clParams|alpha_0.00440340968241.modelParams|tpParams|minThreshold_9.modelParams|tpParams|activationThreshold_12.modelParams|tpParams|pamLength_1.modelParams|sensorParams|encoders|timestamp_dayOfWeek:radius_1.modelParams|sensorParams|encoders|kw_energy_consumption:n_22.modelParams|sensorParams|encoders|_classifierInput|n_52.modelParams|spParams|synPermInactiveDec_0.1,  4391,  None,  2.61873077367,  0.00440340968241,  9,  12,  1,  1,  22,  52,  0.1,  7.57543120545,  21.7041165436, 
1001,  1571,  completed,  eof,  2016-02-17 08:19:24,  2016-02-17 08:20:03,  39,  modelParams|sensorParams|encoders|timestamp_timeOfDay:radius_2.61486122976.modelParams|clParams|alpha_0.00672807646802.modelParams|tpParams|minThreshold_9.modelParams|tpParams|activationThreshold_12.modelParams|tpParams|pamLength_1.modelParams|sensorParams|encoders|timestamp_dayOfWeek:radius_1.02301859446.modelParams|sensorParams|encoders|kw_energy_consumption:n_33.modelParams|sensorParams|encoders|_classifierInput|n_57.modelParams|spParams|synPermInactiveDec_0.0951195733838,  4391,  None,  2.61486122976,  0.00672807646802,  9,  12,  1,  1.02301859446,  33,  57,  0.0951195733838,  9.59032097138,  27.4769103446, 
1001,  1572,  completed,  eof,  2016-02-17 08:19:26,  2016-02-17 08:20:09,  43,  modelParams|sensorParams|encoders|timestamp_timeOfDay:radius_2.61571919824.modelParams|clParams|alpha_0.0039798804532.modelParams|tpParams|minThreshold_9.modelParams|tpParams|activationThreshold_12.modelParams|tpParams|pamLength_1.modelParams|sensorParams|encoders|timestamp_dayOfWeek:radius_1.modelParams|sensorParams|encoders|kw_energy_consumption:n_22.modelParams|sensorParams|encoders|_classifierInput|n_60.modelParams|spParams|synPermInactiveDec_0.0995993377916,  4391,  None,  2.61571919824,  0.0039798804532,  9,  12,  1,  1,  22,  60,  0.0995993377916,  8.0086812213,  22.9454067859, 
1001,  1573,  completed,  eof,  2016-02-17 08:19:29,  2016-02-17 08:20:10,  41,  modelParams|sensorParams|encoders|timestamp_timeOfDay:radius_2.62009853394.modelParams|clParams|alpha_0.00388512899341.modelParams|tpParams|minThreshold_9.modelParams|tpParams|activationThreshold_12.modelParams|tpParams|pamLength_1.modelParams|sensorParams|encoders|timestamp_dayOfWeek:radius_1.00611530082.modelParams|sensorParams|encoders|kw_energy_consumption:n_22.modelParams|sensorParams|encoders|_classifierInput|n_57.modelParams|spParams|synPermInactiveDec_0.0951008754494,  4391,  None,  2.62009853394,  0.00388512899341,  9,  12,  1,  1.00611530082,  22,  57,  0.0951008754494,  7.81854039423,  22.4006406124, 
1001,  1574,  completed,  eof,  2016-02-17 08:19:58,  2016-02-17 08:20:41,  43,  modelParams|sensorParams|encoders|timestamp_timeOfDay:radius_2.76000708804.modelParams|clParams|alpha_0.00834884611885.modelParams|tpParams|minThreshold_9.modelParams|tpParams|activationThreshold_12.modelParams|tpParams|pamLength_1.modelParams|sensorParams|encoders|timestamp_dayOfWeek:radius_1.modelParams|sensorParams|encoders|kw_energy_consumption:n_22.modelParams|sensorParams|encoders|_classifierInput|n_59.modelParams|spParams|synPermInactiveDec_0.0967143116287,  4391,  None,  2.76000708804,  0.00834884611885,  9,  12,  1,  1,  22,  59,  0.0967143116287,  7.51857708213,  21.5412256817, 
1001,  1575,  completed,  eof,  2016-02-17 08:19:59,  2016-02-17 08:20:40,  41,  modelParams|sensorParams|encoders|timestamp_timeOfDay:radius_2.61257161745.modelParams|clParams|alpha_0.00431974619815.modelParams|tpParams|minThreshold_9.modelParams|tpParams|activationThreshold_12.modelParams|tpParams|pamLength_1.modelParams|sensorParams|encoders|timestamp_dayOfWeek:radius_1.00112661004.modelParams|sensorParams|encoders|kw_energy_consumption:n_22.modelParams|sensorParams|encoders|_classifierInput|n_60.modelParams|spParams|synPermInactiveDec_0.0952096735147,  4391,  None,  2.61257161745,  0.00431974619815,  9,  12,  1,  1.00112661004,  22,  60,  0.0952096735147,  7.74624222881,  22.193501538, 
1001,  1576,  completed,  killed,  2016-02-17 08:20:03,  2016-02-17 08:20:41,  38,  modelParams|sensorParams|encoders|timestamp_timeOfDay:radius_2.61640572503.modelParams|clParams|alpha_0.0040362117318.modelParams|tpParams|minThreshold_9.modelParams|tpParams|activationThreshold_12.modelParams|tpParams|pamLength_1.modelParams|sensorParams|encoders|timestamp_dayOfWeek:radius_1.00904498832.modelParams|sensorParams|encoders|kw_energy_consumption:n_22.modelParams|sensorParams|encoders|_classifierInput|n_59.modelParams|spParams|synPermInactiveDec_0.0950424574807,  4000,  None,  2.61640572503,  0.0040362117318,  9,  12,  1,  1.00904498832,  22,  59,  0.0950424574807,  6.60370394246,  18.3669889539, 
1001,  1577,  completed,  killed,  2016-02-17 08:20:05,  2016-02-17 08:20:41,  36,  modelParams|sensorParams|encoders|timestamp_timeOfDay:radius_2.61640572503.modelParams|clParams|alpha_0.00496028366692.modelParams|tpParams|minThreshold_9.modelParams|tpParams|activationThreshold_12.modelParams|tpParams|pamLength_1.modelParams|sensorParams|encoders|timestamp_dayOfWeek:radius_1.modelParams|sensorParams|encoders|kw_energy_consumption:n_22.modelParams|sensorParams|encoders|_classifierInput|n_66.modelParams|spParams|synPermInactiveDec_0.0957685037614,  3800,  None,  2.61640572503,  0.00496028366692,  9,  12,  1,  1,  22,  66,  0.0957685037614,  8.1840069272,  23.7312517099, 
1001,  1578,  completed,  killed,  2016-02-17 08:20:09,  2016-02-17 08:20:41,  32,  modelParams|sensorParams|encoders|timestamp_timeOfDay:radius_2.61707736771.modelParams|clParams|alpha_0.0001.modelParams|tpParams|minThreshold_9.modelParams|tpParams|activationThreshold_12.modelParams|tpParams|pamLength_1.modelParams|sensorParams|encoders|timestamp_dayOfWeek:radius_1.modelParams|sensorParams|encoders|kw_energy_consumption:n_22.modelParams|sensorParams|encoders|_classifierInput|n_35.modelParams|spParams|synPermInactiveDec_0.0981764347694,  3500,  None,  2.61707736771,  0.0001,  9,  12,  1,  1,  22,  35,  0.0981764347694,  11.6418107439,  34.5235095336, 
1001,  1579,  completed,  killed,  2016-02-17 08:20:10,  2016-02-17 08:20:41,  31,  modelParams|sensorParams|encoders|timestamp_timeOfDay:radius_2.61395298902.modelParams|clParams|alpha_0.00384114083295.modelParams|tpParams|minThreshold_9.modelParams|tpParams|activationThreshold_12.modelParams|tpParams|pamLength_1.modelParams|sensorParams|encoders|timestamp_dayOfWeek:radius_1.00677493488.modelParams|sensorParams|encoders|kw_energy_consumption:n_22.modelParams|sensorParams|encoders|_classifierInput|n_59.modelParams|spParams|synPermInactiveDec_0.095160430425,  3150,  None,  2.61395298902,  0.00384114083295,  9,  12,  1,  1.00677493488,  22,  59,  0.095160430425,  7.73690629563,  24.107693852, 
1001,  1580,  completed,  killed,  2016-02-17 08:20:40,  2016-02-17 08:20:41,  1,  modelParams|sensorParams|encoders|timestamp_timeOfDay:radius_2.61475344715.modelParams|clParams|alpha_0.00376777762002.modelParams|tpParams|minThreshold_9.modelParams|tpParams|activationThreshold_12.modelParams|tpParams|pamLength_1.modelParams|sensorParams|encoders|timestamp_dayOfWeek:radius_1.01018051248.modelParams|sensorParams|encoders|kw_energy_consumption:n_22.modelParams|sensorParams|encoders|_classifierInput|n_59.modelParams|spParams|synPermInactiveDec_0.0950609546846,  50,  None,  2.61475344715,  0.00376777762002,  9,  12,  1,  1.01018051248,  22,  59,  0.0950609546846,  24.486792,  93.1233770679, 
